timestamp,position_x,position_y,position_z,orientation_x,orientation_y,orientation_z,orientation_w
1775845129517,1.0606652,-0.0051573575,0.17258303,0.006186399,-0.010900385,0.97867435,-0.20503558
1775845129527,1.059312,-0.010641604,0.17238463,0.0035252057,-0.0133086685,0.9790715,-0.20305046
1775845129538,1.0579844,-0.01647015,0.17252693,0.0043836874,-0.011261965,0.97995794,-0.19883755
1775845129549,1.0566555,-0.021634204,0.17238702,0.003155314,-0.012060211,0.9803342,-0.19695021
1775845129557,1.0552979,-0.027416632,0.17247656,0.0044997735,-0.01029401,0.9811775,-0.19278066
1775845129567,1.0540147,-0.0326286,0.17251201,0.0047163414,-0.01031226,0.9812509,-0.19240074
1775845129579,1.0526553,-0.0378203,0.17220569,0.004638058,-0.014861635,0.98174167,-0.1895814
1775845129587,1.0513123,-0.043430906,0.17200667,0.0032288672,-0.010287046,0.98252904,-0.18579684
1775845129597,1.049815,-0.04882355,0.17176609,0.0056808894,-0.01036397,0.9832155,-0.18206497
1775845129609,1.0487943,-0.05483474,0.17210266,0.0017084528,-0.0073853936,0.98389935,-0.17856285
1775845129617,1.0469756,-0.05954466,0.17185158,0.0031026127,-0.011826046,0.98415625,-0.17688136
1775845129627,1.0454904,-0.06506993,0.17177163,0.0037039788,-0.011290465,0.984702,-0.17384125
1775845129642,1.043826,-0.07061633,0.17170091,0.002539127,-0.011230081,0.9853836,-0.16996016
1775845129648,1.0425171,-0.07663015,0.17201218,0.0018325247,-0.009500555,0.98612696,-0.16571087
1775845129658,1.0406419,-0.08133107,0.17162855,0.00064203807,-0.011219104,0.98621523,-0.16508542
1775845129668,1.0391129,-0.08732266,0.1718871,0.0022733558,-0.007088548,0.9871522,-0.15960887
1775845129677,1.037359,-0.09192686,0.17156734,0.0037691856,-0.013619062,0.9870019,-0.16008623
1775845129688,1.0356603,-0.09692042,0.17130728,0.0030444143,-0.014598314,0.98732096,-0.15803443
1775845129699,1.0339512,-0.10281341,0.17121798,0.00033292745,-0.008594479,0.98819494,-0.15296018
1775845129711,1.0321399,-0.1082808,0.1714168,0.0035672334,-0.012620138,0.98866713,-0.14955013
1775845129718,1.0302514,-0.113446765,0.1714732,0.0031411245,-0.01542192,0.9890073,-0.14702694
1775845129727,1.0284337,-0.119005464,0.1712184,0.0037195564,-0.007974774,0.98978686,-0.14228344
1775845129738,1.0264943,-0.124321416,0.17135507,0.0031402668,-0.0125424815,0.9900471,-0.14014116
1775845129749,1.0247371,-0.1297083,0.17101894,0.0037724068,-0.011799127,0.9903463,-0.13806114
1775845129757,1.0227805,-0.13507703,0.17112458,0.002609097,-0.009294346,0.99108326,-0.13289343
1775845129768,1.0208417,-0.14030957,0.17106618,0.0043198476,-0.01196748,0.99131984,-0.13085537
1775845129778,1.0189772,-0.14552234,0.17104658,0.004701139,-0.01246114,0.99162644,-0.12845095
1775845129787,1.0170608,-0.15085718,0.170794,0.0060155424,-0.015390221,0.99208987,-0.12443774
1775845129799,1.014924,-0.15612574,0.1708346,0.0031444544,-0.009892985,0.9925655,-0.121268325
1775845129807,1.0126431,-0.16145055,0.17060617,0.0044719623,-0.012325611,0.9929885,-0.117481045
1775845129820,1.0105884,-0.16638209,0.17050181,0.00420298,-0.015021787,0.99317926,-0.1155492
1775845129827,1.0083373,-0.17165859,0.17059746,0.0006121281,-0.010378956,0.99340814,-0.114158615
1775845129841,1.0061785,-0.17697941,0.17044593,0.00039949876,-0.010892577,0.9937744,-0.110876225
1775845129847,1.0040311,-0.18184692,0.17030013,0.0013518849,-0.012058972,0.993859,-0.109986864
1775845129857,1.0019127,-0.18710743,0.1703973,0.0018649062,-0.007839992,0.99436945,-0.10566137
1775845129867,0.99973106,-0.19203073,0.17034861,0.0001790014,-0.009771129,0.99455804,-0.103724755
1775845129877,0.9976423,-0.19714886,0.17033125,0.0027730144,-0.010780388,0.9948175,-0.10106475
1775845129888,0.99573475,-0.20255347,0.17019238,0.0024060518,-0.009516423,0.99498445,-0.09954793
1775845129898,0.9935154,-0.20761436,0.1698811,0.0044201147,-0.010674545,0.9954787,-0.09428028
1775845129908,0.99126947,-0.21272328,0.16992731,0.0015198374,-0.009054002,0.99568105,-0.0923849
1775845129917,0.9890524,-0.2181232,0.16981037,0.0024588709,-0.009222343,0.99585515,-0.09045152
1775845129928,0.9866792,-0.22326212,0.16980514,-0.00042814974,-0.009787758,0.9961031,-0.087649964
1775845129940,0.98428255,-0.22864006,0.16978328,0.0012035985,-0.008055495,0.99636793,-0.084762156
1775845129947,0.98186105,-0.23376705,0.16961883,0.0031401897,-0.011189798,0.9965299,-0.08242055
1775845129957,0.9795469,-0.23899874,0.16963807,-0.0016854777,-0.01071676,0.996645,-0.08112373
1775845129968,0.97703135,-0.24437577,0.16952617,0.0016352248,-0.00995613,0.9968701,-0.07841048
1775845129978,0.9745396,-0.2494172,0.16939725,0.002773364,-0.009436035,0.9970927,-0.07556021
1775845129988,0.97201586,-0.2545111,0.169602,0.0051363753,-0.009796421,0.99753463,-0.06929974
1775845129997,0.96967614,-0.2599682,0.16935219,-0.0011246619,-0.010036616,0.9974518,-0.070625864
1775845130007,0.967271,-0.26519895,0.16931964,0.0031247986,-0.0092457,0.9977009,-0.06706384
1775845130018,0.96474284,-0.27040341,0.16898297,0.009026081,-0.011248363,0.99781066,-0.06454371
1775845130027,0.96220195,-0.27574962,0.16932593,0.0043601603,-0.0133839995,0.9979914,-0.061765376
1775845130037,0.9597804,-0.28061372,0.16905518,0.00010627357,-0.008400501,0.9981842,-0.05964668
1775845130048,0.95726967,-0.2857408,0.16910547,0.0021428908,-0.0058473065,0.99838376,-0.0564896
1775845130059,0.9547221,-0.2906193,0.16933249,0.0027344576,-0.008731572,0.99848527,-0.054254185
1775845130068,0.9521772,-0.29570693,0.16913556,0.00083399,-0.0055390433,0.99862784,-0.052069087
1775845130077,0.94944257,-0.30061066,0.16902211,0.0006156787,-0.007564774,0.9987372,-0.049661808
1775845130087,0.94673723,-0.305477,0.1691284,0.0012272039,-0.008767435,0.9988059,-0.04804471
1775845130097,0.9440726,-0.3101705,0.16899142,0.0017453784,-0.006252179,0.99891365,-0.04614535
1775845130108,0.9415323,-0.31485903,0.16882613,0.0034503464,-0.00513982,0.998966,-0.04504069
1775845130118,0.93907815,-0.3199956,0.16877244,0.0016164832,-0.007154893,0.99920046,-0.03930184
1775845130127,0.9363554,-0.32471928,0.16873373,0.0014438935,-0.008534874,0.99923563,-0.038120512
1775845130139,0.93376637,-0.3295793,0.16847636,0.0021058414,-0.0063141193,0.99937165,-0.03481321
1775845130149,0.93117,-0.33447856,0.16841903,0.00003158569,-0.0060568764,0.999422,-0.03345
1775845130158,0.92854476,-0.33906785,0.16827509,0.0009749978,-0.00840547,0.99945325,-0.0319626
1775845130170,0.925826,-0.34376222,0.16845052,0.001439789,-0.00722013,0.9995536,-0.028953727
1775845130178,0.92309225,-0.3485654,0.16853407,0.0016038722,-0.0065960353,0.99964345,-0.02582549
1775845130188,0.9203078,-0.3531911,0.16854218,0.0013841726,-0.0071085603,0.9996934,-0.023677189
1775845130197,0.9175374,-0.35801947,0.16837329,-0.00053696905,-0.006962849,0.99971855,-0.022672925
1775845130208,0.9146895,-0.36244527,0.16833398,0.003422992,-0.008102425,0.9997165,-0.022125307
1775845130220,0.91171724,-0.36727607,0.16831832,0.0012137985,-0.004957027,0.99980646,-0.018999664
1775845130234,0.9087473,-0.37189704,0.16841991,-0.0002999599,-0.0062447363,0.99982697,-0.017519865
1775845130237,0.9058359,-0.37690657,0.16832542,0.00022772867,-0.008324238,0.9998697,-0.013825718
1775845130250,0.90280133,-0.38194802,0.16821413,0.0008881771,-0.005681185,0.99992245,-0.0110561345
1775845130257,0.8997031,-0.38658246,0.16820696,0.0011390141,-0.006636962,0.999943,-0.008288647
1775845130267,0.89665884,-0.39135152,0.16815266,0.0010208571,-0.005457024,0.9999684,-0.0056961244
1775845130279,0.8936204,-0.39632335,0.16800639,0.0013070424,-0.006348997,0.9999714,-0.0038990153
1775845130289,0.89049774,-0.40137437,0.16789174,0.0013316103,-0.008431347,0.9999635,-0.00030247314
1775845130297,0.8873525,-0.4062236,0.16796933,0.0013233089,-0.007055613,0.9999693,0.0031530357
1775845130308,0.88412464,-0.41084665,0.16799456,0.00016775698,-0.007965583,0.99996245,0.003422948
1775845130319,0.8808556,-0.4153519,0.16822405,0.0007107262,-0.004263626,0.9999902,0.0009971579
1775845130329,0.8779584,-0.42074606,0.16780607,-0.0002499391,-0.0040553994,0.99996567,0.0072268904
1775845130337,0.8747088,-0.42543283,0.16782387,0.002418256,-0.008285939,0.9999081,0.010460085
1775845130347,0.87144965,-0.4300664,0.16795875,0.001586089,-0.007834679,0.9998881,0.0126515515
1775845130358,0.86829865,-0.43511635,0.16775773,0.002815236,-0.0063618664,0.9998607,0.015168069
1775845130369,0.86506563,-0.43971333,0.16771513,0.0026303797,-0.008882093,0.99979794,0.017838674
1775845130378,0.8618038,-0.44431135,0.1677944,0.001826823,-0.00963103,0.99974835,0.020181863
1775845130388,0.8585541,-0.44878444,0.16795284,0.0021760657,-0.0071728034,0.99972135,0.022385936
1775845130402,0.8554336,-0.45328775,0.1681172,0.0012445848,-0.0037494854,0.99966335,0.025642803
1775845130407,0.85226554,-0.4575823,0.16801004,0.0040252833,-0.004543202,0.99956614,0.028824084
1775845130418,0.84909165,-0.46213943,0.16763659,0.0017648898,-0.00989383,0.99948376,0.030516274
1775845130429,0.84590626,-0.46653426,0.16766346,0.0023190125,-0.009835043,0.99939466,0.033290703
1775845130438,0.8427397,-0.47109076,0.1674936,0.005194696,-0.007700078,0.9992848,0.03665598
1775845130448,0.8394593,-0.4753892,0.16755345,0.0019238399,-0.007701208,0.9992537,0.037801996
1775845130457,0.8359213,-0.47963393,0.1674038,0.0023042352,-0.008615806,0.9992353,0.038069855
1775845130468,0.83248305,-0.4841286,0.16718875,0.0015754572,-0.0083510475,0.99915385,0.04024117
1775845130477,0.8289001,-0.4884882,0.167097,0.00030036294,-0.01045525,0.99904567,0.04240781
1775845130488,0.8253254,-0.49285972,0.167026,0.000072088726,-0.0056275534,0.99892664,0.04597587
1775845130497,0.82183576,-0.49735454,0.16696821,0.00028620256,-0.0070305495,0.99879694,0.048529863
1775845130508,0.8182265,-0.5017634,0.16688812,-0.00048342242,-0.008221001,0.9987183,0.049939994
1775845130517,0.8145877,-0.5062382,0.16654466,-0.0008114275,-0.010920752,0.99863285,0.051113803
1775845130528,0.81088406,-0.5105528,0.16648313,0.0039726384,-0.013569375,0.9984086,0.054591678
1775845130537,0.8071389,-0.5149441,0.16682006,0.0028502804,-0.011934479,0.99821544,0.058440283
1775845130547,0.8034416,-0.51961845,0.16666047,0.0004353867,-0.009132431,0.9981033,0.060878575
1775845130558,0.7997134,-0.5241082,0.1666074,0.00059827574,-0.009224072,0.99799126,0.06267195
1775845130567,0.7959945,-0.5286817,0.16658458,0.0013433052,-0.010292508,0.9978357,0.06493209
1775845130577,0.79218966,-0.53323567,0.16642246,0.0024147218,-0.010784905,0.9976863,0.067080274
1775845130588,0.7883894,-0.537784,0.16620524,0.00006758694,-0.009459617,0.99749434,0.07011003
1775845130599,0.78447443,-0.5420258,0.16609894,0.0019461544,-0.009821686,0.99725246,0.07339759
1775845130608,0.780547,-0.54629594,0.16608039,0.00017989703,-0.010646968,0.9971396,0.07482859
1775845130618,0.7765983,-0.5504693,0.16602525,-0.00085224124,-0.0117467055,0.9970251,0.07617206
1775845130628,0.77252805,-0.55484265,0.16619334,0.0016901194,-0.012696053,0.9968055,0.07883415
1775845130638,0.76865244,-0.5591037,0.16614917,-0.0009512088,-0.010051207,0.9966956,0.08059804
1775845130648,0.76481223,-0.5633231,0.16624905,-0.00032930632,-0.009488871,0.996494,0.083123215
1775845130665,0.76111054,-0.56763875,0.16608481,0.0012227464,-0.008716172,0.9962251,0.086359195
1775845130668,0.7572342,-0.5716811,0.16598219,0.0006628009,-0.011305203,0.99596053,0.08907425
1775845130678,0.75350404,-0.57570404,0.16591471,0.0012698935,-0.011925728,0.9957648,0.09115221
1775845130688,0.7497194,-0.5798553,0.16591261,-0.0005154476,-0.0093396995,0.9955273,0.09400987
1775845130698,0.7458931,-0.58399636,0.16561365,0.0002985285,-0.009575296,0.99522775,0.09710824
1775845130709,0.7420285,-0.58797395,0.1657937,0.0015628377,-0.00933722,0.9950755,0.098666474
1775845130723,0.7381617,-0.59206915,0.16568217,-0.000108811364,-0.009787749,0.9949164,0.10022735
1775845130729,0.73431444,-0.5960222,0.16555953,-0.00031401956,-0.012178181,0.9946861,0.10223107
1775845130737,0.73043615,-0.5998137,0.16559185,0.0037930172,-0.013117965,0.99442255,0.104580685
1775845130747,0.7264658,-0.6035635,0.16550411,0.0016963789,-0.014379216,0.9941259,0.10725639
1775845130759,0.7224344,-0.60775334,0.16515853,-0.0012436864,-0.009737445,0.9939736,0.10917917
1775845130768,0.7184801,-0.61176574,0.16488378,-0.000897466,-0.011524518,0.99373496,0.11116337
1775845130777,0.71447605,-0.6157339,0.16472234,-0.00038491958,-0.013105032,0.9934248,0.11373359
1775845130788,0.71033055,-0.61957127,0.16496281,-0.0017330477,-0.014348759,0.99326396,0.11496913
1775845130797,0.7062402,-0.62357444,0.16472162,-0.0010791302,-0.01496205,0.9929573,0.11751951
1775845130807,0.7021554,-0.62747604,0.16464207,0.000025619507,-0.012644277,0.9926846,0.12007242
1775845130817,0.6981314,-0.6313636,0.16457982,-0.0006478916,-0.013061397,0.9923044,0.12313057
1775845130828,0.69408774,-0.63538957,0.16448912,-0.000509044,-0.014122629,0.9919528,0.12581731
1775845130837,0.6899721,-0.6392803,0.16450632,0.00041443857,-0.016041249,0.9918149,0.12667207
1775845130847,0.6856148,-0.64306825,0.1645131,0.00033639587,-0.014005905,0.9913037,0.13084617
1775845130857,0.68136376,-0.6470627,0.16438164,0.0016759523,-0.013048918,0.990974,0.13340734
1775845130868,0.67725646,-0.65090036,0.16417354,0.00018786409,-0.012929385,0.99070245,0.13543051
1775845130879,0.67286,-0.65478516,0.16382554,0.0019239977,-0.017986555,0.9903484,0.13741454
1775845130887,0.66847265,-0.65850675,0.16368268,-0.0015776734,-0.01643745,0.9901824,0.13880265
1775845130897,0.6639719,-0.6622156,0.16370206,0.0006127863,-0.017026652,0.9897116,0.14205895
1775845130907,0.65944606,-0.6660324,0.16368802,0.0003526795,-0.017929412,0.98954356,0.14311534
1775845130917,0.65501726,-0.66970944,0.16360568,-0.00091442675,-0.015659552,0.9892945,0.14508729
1775845130927,0.6506331,-0.67340225,0.16362113,0.001184672,-0.017663036,0.98866063,0.14912018
1775845130938,0.6461982,-0.6768543,0.16363989,-0.00041257893,-0.019162778,0.9884132,0.15057227
1775845130947,0.6416431,-0.6802684,0.1635178,-0.003743134,-0.02065075,0.98792756,0.1534889
1775845130958,0.63747245,-0.68422264,0.16330218,-0.0021828322,-0.013394091,0.98769754,0.15578641
1775845130968,0.6330778,-0.6878575,0.16339841,-0.002310761,-0.017424617,0.98750955,0.15657529
1775845130977,0.6286608,-0.6913072,0.1634095,-0.0013984321,-0.0153097985,0.9870863,0.15945032
1775845130989,0.62445617,-0.69489396,0.16323557,0.0012463963,-0.018740755,0.9865359,0.16246295
1775845130997,0.62014097,-0.69835246,0.16329184,0.0006246215,-0.017815853,0.98605645,0.16545309
1775845131007,0.61572665,-0.701848,0.1633287,0.00091826904,-0.016580742,0.9854064,0.16940631
1775845131017,0.61130977,-0.7053096,0.1632679,-0.0001978371,-0.018762007,0.98529196,0.16984582
1775845131027,0.6068838,-0.7085817,0.16312152,-0.00065548357,-0.017340511,0.98508525,0.17118964
1775845131037,0.6025139,-0.7120869,0.16303466,-0.0004716728,-0.015184053,0.98477954,0.17314276
1775845131048,0.5980259,-0.71531254,0.16308385,-0.0018916569,-0.015706927,0.9843394,0.17557237
1775845131057,0.593576,-0.7188285,0.16291827,0.00012283618,-0.018759405,0.9835855,0.17946464
1775845131070,0.589107,-0.7223761,0.16269414,-0.0001270262,-0.018930253,0.9826597,0.1844492
1775845131078,0.58455855,-0.72569394,0.16264962,0.00008136801,-0.01841623,0.9827671,0.18392849
1775845131088,0.5799177,-0.7288986,0.16269802,0.0010510857,-0.019317215,0.9823229,0.18619221
1775845131100,0.5752939,-0.73226994,0.16250253,-0.000034133835,-0.020990448,0.981783,0.18884301
1775845131108,0.57066935,-0.73546404,0.1625454,-0.000037128437,-0.021832898,0.98137265,0.19086938
1775845131119,0.56588316,-0.7387303,0.16229312,-0.0009283151,-0.022875682,0.98096526,0.19282886
1775845131128,0.56110644,-0.7421975,0.16187738,0.0006198705,-0.018443644,0.9802789,0.1967556
1775845131137,0.5563122,-0.74539834,0.16167155,0.0008446435,-0.020002427,0.9796902,0.1995153
1775845131148,0.55136937,-0.7484096,0.1615948,0.0024567258,-0.020365411,0.97927094,0.20151335
1775845131159,0.54654247,-0.7516369,0.16140635,-0.0000032324972,-0.02164812,0.978862,0.20337309
1775845131168,0.5415846,-0.7541586,0.16155495,-0.0011952565,-0.017890744,0.9785459,0.20524691
1775845131178,0.5367733,-0.75743866,0.16175398,0.00037045046,-0.01934618,0.9777736,0.20876835
1775845131188,0.5317727,-0.7604856,0.1617704,0.00007482978,-0.018138332,0.9773967,0.21063371
1775845131200,0.5269393,-0.76329964,0.16179883,-0.0016015742,-0.018347746,0.97702044,0.21234843
1775845131207,0.5221786,-0.7664139,0.16173893,0.0005423908,-0.018264918,0.97652787,0.21461467
1775845131217,0.5173319,-0.7692423,0.16167448,0.0013445066,-0.01607588,0.9755513,0.2191789
1775845131227,0.5125388,-0.7722315,0.16147552,-0.00011669208,-0.017702993,0.97521454,0.22055179
1775845131239,0.507587,-0.7750633,0.16111703,0.0020112214,-0.01678975,0.97465086,0.22309136
1775845131249,0.5026203,-0.77797455,0.16095625,0.0011028019,-0.018118,0.97410846,0.22535133
1775845131257,0.497552,-0.7807049,0.16099547,0.0014513041,-0.019759007,0.9729039,0.23035936
1775845131271,0.49250022,-0.7830651,0.16094524,0.00003757785,-0.016942907,0.9724301,0.23257795
1775845131278,0.48749256,-0.7856876,0.1608357,-0.00007129979,-0.017424364,0.9721605,0.23366705
1775845131287,0.48245877,-0.78868026,0.16066015,-0.0017646654,-0.017879201,0.9712066,0.23756063
1775845131297,0.47727358,-0.79088813,0.16082045,-0.00010195227,-0.019720556,0.9702827,0.24116935
1775845131307,0.47221786,-0.7933124,0.1607851,0.0009944125,-0.0184334,0.969139,0.24582283
1775845131329,0.467184,-0.7960848,0.1606172,0.00086818513,-0.017251994,0.9685498,0.24821974
1775845131330,0.4621224,-0.7985218,0.16055799,-0.00062239694,-0.01984187,0.96849656,0.24823458
1775845131338,0.4570541,-0.80096436,0.16059749,-0.0002833597,-0.021918844,0.96745193,0.25210342
1775845131347,0.4518453,-0.8033062,0.16065417,0.0003667932,-0.01967225,0.9663598,0.25644058
1775845131358,0.44664448,-0.8053469,0.16065793,0.004789583,-0.017627954,0.96519786,0.260882
1775845131367,0.44155824,-0.80776566,0.16026352,0.0040943627,-0.01720249,0.9648631,0.2621575
1775845131377,0.43622985,-0.81028146,0.16014087,-0.0012692402,-0.020128908,0.9646384,0.26280448
1775845131388,0.43109876,-0.8127464,0.16019835,0.0010865829,-0.018885888,0.9634701,0.2671474
1775845131397,0.4257709,-0.8148151,0.16005717,0.0021330682,-0.019756716,0.96215856,0.27176455
1775845131408,0.4205362,-0.817041,0.15993582,0.003126564,-0.01937436,0.96158373,0.27380902
1775845131418,0.41527772,-0.8194408,0.1594586,0.0033363234,-0.019963514,0.9603493,0.27806365
1775845131427,0.4099044,-0.8215317,0.15936697,0.0042584795,-0.020575015,0.95970803,0.28021228
1775845131439,0.40465716,-0.8235497,0.15913376,0.0021412561,-0.018734422,0.95887476,0.2832028
1775845131447,0.39938885,-0.8257483,0.15926556,0.0023088525,-0.016839135,0.95775646,0.28707796
1775845131457,0.39423043,-0.8274922,0.15929332,0.0045911325,-0.017196454,0.9570177,0.2894828
1775845131467,0.38914526,-0.82952553,0.15931395,0.002823538,-0.019913774,0.9561088,0.29232073
1775845131479,0.38410997,-0.8314992,0.1594037,0.0023258466,-0.020399936,0.9555602,0.2940803
1775845131487,0.37908795,-0.8333525,0.15951294,0.0021207891,-0.018978413,0.9547977,0.29664254
1775845131500,0.37418455,-0.8351519,0.15942997,0.0019786612,-0.018661924,0.95388514,0.29958493
1775845131508,0.3689999,-0.83711815,0.15949976,0.0018141904,-0.01771624,0.95292735,0.30267534
1775845131519,0.3638794,-0.8387974,0.15933798,0.0040219077,-0.017551668,0.9523692,0.3044153
1775845131530,0.35873148,-0.8406822,0.15916379,0.004350074,-0.020483106,0.95050776,0.30999443
1775845131537,0.3535319,-0.8423507,0.15917149,0.0038650492,-0.019601123,0.950081,0.31136334
1775845131547,0.3483611,-0.8439617,0.15913145,0.0023326278,-0.019264681,0.94914716,0.31423417
1775845131559,0.34305784,-0.84563744,0.15914379,0.0039280257,-0.018001901,0.9484796,0.31630197
1775845131568,0.33765572,-0.847315,0.15909752,0.0027083296,-0.018655028,0.947469,0.31929165
1775845131581,0.33203226,-0.84881747,0.1590757,-0.00046113163,-0.019602781,0.9458496,0.3240124
1775845131587,0.32654208,-0.8505051,0.15890656,0.0028731439,-0.018017836,0.94533825,0.32558045
1775845131597,0.3212064,-0.8519282,0.1588744,0.003934714,-0.01838752,0.94471025,0.3273666
1775845131608,0.31556317,-0.85347754,0.15884836,0.0030736234,-0.016336456,0.9433827,0.3312898
1775845131619,0.30993187,-0.8550091,0.15865365,0.0027003062,-0.018583054,0.942464,0.33377966
1775845131630,0.3042111,-0.8566298,0.15868364,0.004429588,-0.018493053,0.940918,0.33809996
1775845131637,0.29869008,-0.8581421,0.15855615,0.0041840076,-0.018214379,0.9400243,0.34059504
1775845131647,0.29304472,-0.8595724,0.15854234,0.0035227388,-0.018260568,0.93830574,0.3453064
1775845131657,0.2875026,-0.86090374,0.15852809,0.0034928783,-0.017266352,0.9377741,0.34679872
1775845131667,0.28174084,-0.8622295,0.15853848,0.0018630183,-0.019239776,0.936468,0.3502201
1775845131678,0.2761308,-0.86326087,0.15869601,0.0048635425,-0.019563332,0.93488616,0.3543748
1775845131687,0.2702389,-0.86488044,0.15839094,0.0031224363,-0.022093836,0.934433,0.35543928
1775845131697,0.26461887,-0.86627126,0.1581477,0.0049218177,-0.025425123,0.93318415,0.35846433
1775845131708,0.25931916,-0.8675285,0.1581798,0.0024999592,-0.021794267,0.9327832,0.35976982
1775845131717,0.25351262,-0.8688231,0.1582916,0.0019584144,-0.020612556,0.93072927,0.3651224
1775845131729,0.24802592,-0.86971897,0.15831394,0.0034909958,-0.021320684,0.9296555,0.367796
1775845131737,0.24305637,-0.8705999,0.1583925,0.0031305442,-0.021573009,0.9292086,0.36891228
1775845131747,0.23776783,-0.871676,0.15850332,0.0024786857,-0.019750236,0.9288206,0.36999455
1775845131764,0.23206022,-0.8727953,0.15823081,0.004578701,-0.025071718,0.92644966,0.3755549
1775845131770,0.22720303,-0.87365675,0.15830897,0.0043249927,-0.025470274,0.92587286,0.3769508
1775845131778,0.22185579,-0.8740946,0.15858313,0.004489466,-0.018007932,0.9245884,0.3805151
1775845131788,0.21656865,-0.8743871,0.15913692,0.0051757484,-0.008603627,0.9224418,0.38600573
1775845131797,0.21124206,-0.87582123,0.15830207,-0.0022134103,-0.01566053,0.9236575,0.38289267
1775845131807,0.20576169,-0.87593895,0.1588974,0.0069460887,-0.013630958,0.91968995,0.39234707
1775845131818,0.20035967,-0.87663794,0.15888703,0.008504201,-0.009932709,0.91845024,0.39532048
1775845131827,0.1949558,-0.8773923,0.1586116,0.0075238245,-0.008693187,0.91703874,0.39863226
1775845131840,0.18940759,-0.87803066,0.1585876,0.0072658304,-0.009647917,0.91562366,0.4018548
1775845131847,0.18375295,-0.87855947,0.15851355,0.0075855353,-0.008426594,0.9143392,0.40479037
1775845131857,0.17824917,-0.8792703,0.15860091,0.006340331,-0.009855826,0.91321635,0.40730637
1775845131867,0.17265701,-0.8798317,0.15866932,0.0068250573,-0.010302672,0.9120578,0.40987518
1775845131877,0.1669901,-0.88050294,0.15857184,0.008097997,-0.015388581,0.91119176,0.41161522
1775845131889,0.16129749,-0.88089186,0.15847275,0.007901006,-0.016089875,0.9097451,0.4147801
1775845131897,0.15546528,-0.88112473,0.15871684,0.0071583507,-0.009445357,0.90797776,0.4188508
1775845131908,0.14974907,-0.88162667,0.15880668,0.0057566636,-0.010721675,0.9065189,0.4219899
1775845131917,0.14375165,-0.8819875,0.15867862,0.007154286,-0.016482694,0.9047414,0.42558205
1775845131928,0.13774939,-0.88207734,0.15857777,0.0064171683,-0.0093523655,0.9040504,0.42727548
1775845131938,0.13187328,-0.8822906,0.15806721,0.008213153,-0.0143567305,0.9029533,0.4294202
1775845131948,0.12593754,-0.88244647,0.15821868,0.0072211893,-0.010137727,0.9012379,0.43314585
1775845131958,0.119993225,-0.88273346,0.15785207,0.007499231,-0.014800207,0.89992297,0.4357331
1775845131969,0.113973744,-0.88286203,0.15810433,0.009872417,-0.012995031,0.8978731,0.4399518
1775845131977,0.10803159,-0.88305557,0.15802142,0.007344066,-0.013924254,0.8969639,0.44182342
1775845131996,0.10205991,-0.8831034,0.15794212,0.00670824,-0.017259113,0.8954149,0.44484743
1775845131999,0.096338235,-0.88308996,0.15798567,0.0075160647,-0.020463048,0.8936872,0.44816062
1775845132009,0.09073813,-0.8832521,0.15823902,0.00835471,-0.016783144,0.89196074,0.4517241
1775845132019,0.0851247,-0.883173,0.1583216,0.008808558,-0.014571814,0.8912646,0.4531639
1775845132029,0.07962248,-0.8832699,0.15848166,0.007182975,-0.011776117,0.88935614,0.45700702
1775845132038,0.0742346,-0.8832287,0.158309,0.0075111887,-0.015058435,0.88858676,0.45839983
1775845132048,0.068739176,-0.8827768,0.15822476,0.009680092,-0.011169393,0.887887,0.45982414
1775845132059,0.063460454,-0.8829119,0.15805954,0.0064375764,-0.014286801,0.8860277,0.46336734
1775845132067,0.0581834,-0.88281304,0.15814625,0.0076251905,-0.012230056,0.8841513,0.46697834
1775845132078,0.052584857,-0.88271505,0.15809645,0.009154198,-0.011567237,0.8830754,0.4689993
1775845132090,0.04720047,-0.8824248,0.15819462,0.007823459,-0.007991376,0.88020694,0.47445843
1775845132098,0.042385563,-0.88225776,0.15664198,0.0041055502,-0.03195246,0.88328296,0.4677322
1775845132107,0.0366456,-0.8812151,0.15753256,0.0047272947,-0.016346896,0.8787178,0.47703815
1775845132117,0.031136228,-0.8807472,0.15756464,0.005279064,-0.0137274265,0.8768641,0.48051333
1775845132127,0.025420353,-0.88011783,0.15706806,0.0071039903,-0.014942223,0.87624866,0.48157516
1775845132137,0.019725388,-0.87984234,0.15703134,0.0036557293,-0.01251516,0.8738556,0.48601073
1775845132147,0.013993328,-0.8794245,0.15677302,0.0064680497,-0.015380906,0.8728792,0.48765105
1775845132157,0.008258503,-0.8790734,0.15685473,0.0032804655,-0.012962794,0.8709253,0.49123353
1775845132167,0.002583653,-0.878462,0.15674803,0.007959323,-0.015679646,0.8696973,0.49327227
1775845132177,-0.0030346802,-0.87823564,0.15698968,0.004517845,-0.012908216,0.8677108,0.49688116
1775845132187,-0.00890171,-0.8773299,0.15682864,0.00859582,-0.015525248,0.86639786,0.49903885
1775845132197,-0.014738582,-0.87683254,0.15683234,0.0064875325,-0.019312039,0.86346966,0.5039893
1775845132207,-0.020757664,-0.87629724,0.15640382,0.0015525211,-0.025504911,0.861971,0.5063133
1775845132218,-0.026787523,-0.8753494,0.15584917,0.00033801314,-0.034913436,0.86147565,0.50659704
1775845132227,-0.032609288,-0.87415147,0.15624277,0.0037506619,-0.017019862,0.8600232,0.5099572
1775845132237,-0.038390286,-0.8735581,0.15620296,0.0011350418,-0.016997967,0.85743564,0.5143091
1775845132247,-0.044206537,-0.87242895,0.15643355,0.0037216241,-0.013331106,0.85542536,0.51774114
1775845132257,-0.05013481,-0.87114865,0.15648398,0.0023935637,-0.015110566,0.8537614,0.52043974
1775845132270,-0.055926006,-0.8701793,0.15640038,0.0014336335,-0.0130593125,0.8529103,0.5218923
1775845132277,-0.061596982,-0.8693556,0.15628968,0.0013559973,-0.014884952,0.8508696,0.5251642
1775845132287,-0.06715425,-0.8682824,0.15627988,0.0028658018,-0.012943485,0.8492098,0.52788913
1775845132298,-0.07267916,-0.8672552,0.1561714,0.003999699,-0.014485362,0.84702533,0.53134006
1775845132307,-0.07829793,-0.86623734,0.15583886,-0.0005132048,-0.017097441,0.8471327,0.531106
1775845132317,-0.08399089,-0.8649462,0.15619297,0.0014388497,-0.010902754,0.84421474,0.53589237
1775845132327,-0.08946611,-0.86403424,0.15594701,-0.0029741873,-0.013707101,0.8428891,0.53790456
1775845132339,-0.09495742,-0.8626606,0.15607475,0.0046315803,-0.012361436,0.8418978,0.53947556
1775845132347,-0.10020483,-0.8617978,0.15605545,-0.0013215262,-0.019098535,0.8409328,0.540801
1775845132357,-0.105722055,-0.8600107,0.15616736,0.0031342423,-0.013609827,0.8392271,0.54360175
1775845132368,-0.11106143,-0.8589726,0.15615264,0.00079908426,-0.014635341,0.83592016,0.54865533
1775845132377,-0.11660772,-0.8576915,0.15587689,0.0024105043,-0.015281232,0.83553934,0.54921275
1775845132387,-0.12195275,-0.85690707,0.1558576,-0.0021176478,-0.018580837,0.8339734,0.5514876
1775845132400,-0.1274227,-0.8553565,0.15566902,0.0017841482,-0.018746987,0.8332964,0.5525056
1775845132407,-0.13278742,-0.8542305,0.1557621,-0.001106718,-0.015269557,0.83015275,0.55732566
1775845132417,-0.13805524,-0.8528726,0.1557795,-0.0021069092,-0.013638812,0.8272431,0.5616747
1775845132427,-0.14353734,-0.8514997,0.15574372,0.0007282483,-0.013202825,0.82596356,0.5635684
1775845132438,-0.14909278,-0.8498988,0.15564767,-0.0008696492,-0.019734586,0.8246333,0.56532264
1775845132449,-0.15471473,-0.8479534,0.15561359,0.0016934223,-0.01889768,0.82318395,0.5674577
1775845132458,-0.16017647,-0.846861,0.15546149,-0.0017848741,-0.018078363,0.820922,0.57075137
1775845132467,-0.16592933,-0.84491664,0.15516828,0.0002577807,-0.020139929,0.818993,0.57344985
1775845132479,-0.17133738,-0.8435433,0.15529904,-0.000011125865,-0.017735079,0.8167796,0.57667714
1775845132487,-0.17700045,-0.84178805,0.15500504,-0.0019161942,-0.016976155,0.81494796,0.5792824
1775845132498,-0.18256152,-0.8399516,0.15486768,-0.0027990371,-0.01786282,0.812856,0.582184
1775845132508,-0.18810183,-0.8382919,0.15482296,-0.0037742069,-0.0186601,0.8115948,0.5839104
1775845132518,-0.19366734,-0.8360593,0.15491524,0.0005040327,-0.021481078,0.81042904,0.58544266
1775845132529,-0.19901124,-0.8343557,0.15525521,-0.0009450397,-0.01906701,0.80741245,0.5896785
1775845132539,-0.204454,-0.832489,0.15537493,-0.0018951982,-0.019322112,0.8048971,0.5930966
1775845132554,-0.20974347,-0.8306846,0.15505774,-0.0017086538,-0.016715787,0.80385005,0.5945946
1775845132557,-0.21500444,-0.8288092,0.15519412,-0.0007866035,-0.017232412,0.8016845,0.5974984
1775845132567,-0.22036736,-0.82671005,0.1549268,0.0019250415,-0.019296166,0.80076164,0.5986691
1775845132577,-0.22567701,-0.8250281,0.15494971,0.000041135234,-0.017894058,0.7983383,0.6019433
1775845132588,-0.2308942,-0.8231396,0.1549048,-0.000082409344,-0.01983447,0.79643345,0.60440075
1775845132598,-0.2362215,-0.8208976,0.15487155,-0.00077744713,-0.018221004,0.79423565,0.60733616
1775845132608,-0.24144405,-0.81887126,0.1548136,-0.0012532959,-0.018234346,0.7929733,0.60898226
1775845132619,-0.246606,-0.81648016,0.1547749,0.0033775012,-0.01660009,0.7909651,0.6116266
1775845132627,-0.25164366,-0.81422865,0.15481257,0.0043018227,-0.017705422,0.7899146,0.61294603
1775845132637,-0.25705853,-0.8118549,0.15501519,0.0030470337,-0.024268914,0.7876699,0.61561185
1775845132649,-0.26217443,-0.81002164,0.15493824,-0.00064446684,-0.016407283,0.7854626,0.6186913
1775845132657,-0.26743433,-0.80778474,0.15471278,-0.000220983,-0.018013343,0.7831487,0.62157345
1775845132668,-0.27279842,-0.80522513,0.15476671,0.0044817124,-0.019183198,0.7809852,0.6242387
1775845132678,-0.27786,-0.8033273,0.15483622,0.000666409,-0.018589845,0.77889824,0.62687445
1775845132689,-0.2831869,-0.8011456,0.15472797,-0.00014687708,-0.019459978,0.77695775,0.62925184
1775845132697,-0.2884304,-0.7984309,0.15458281,0.003637509,-0.02093513,0.77500284,0.6316005
1775845132712,-0.29347467,-0.79640937,0.15472098,0.0015996891,-0.018119562,0.7730227,0.6341175
1775845132717,-0.29859108,-0.7941168,0.15465206,0.0013694251,-0.01928138,0.7707522,0.6368417
1775845132728,-0.30374318,-0.7911918,0.15444294,0.0053410786,-0.019838065,0.7692386,0.6386313
1775845132739,-0.30905676,-0.78898686,0.15458381,0.0031329412,-0.020061184,0.7664946,0.6419297
1775845132747,-0.31431615,-0.78643143,0.15449446,-0.0005173716,-0.019053,0.76416206,0.6447426
1775845132757,-0.31958354,-0.78337115,0.15429261,0.004283021,-0.021430431,0.7631027,0.6459075
1775845132768,-0.32425928,-0.78097314,0.1544557,0.003617017,-0.019852098,0.7607312,0.6487533
1775845132778,-0.32917055,-0.7781598,0.15435195,0.0014037018,-0.01876987,0.7590607,0.65074766
1775845132788,-0.33412144,-0.7752577,0.15432231,0.0033120038,-0.0178261,0.75691867,0.6532574
1775845132798,-0.33892074,-0.7725729,0.15415126,0.0025261312,-0.018437276,0.7540279,0.6565787
1775845132810,-0.34390512,-0.7697721,0.15405217,0.00086757087,-0.019105082,0.75303864,0.6576983
1775845132817,-0.3487649,-0.7668274,0.153958,0.0031878438,-0.01952407,0.7523496,0.65846694
1775845132828,-0.35344827,-0.7643315,0.15371755,0.0037619371,-0.018872399,0.74974895,0.66144246
1775845132838,-0.35780686,-0.76153547,0.15350048,0.003123658,-0.021426668,0.7460811,0.66550285
1775845132848,-0.36259246,-0.7593715,0.15399466,0.004430641,-0.014156824,0.7431978,0.66890734
1775845132859,-0.3673791,-0.756405,0.1544055,0.0027079263,-0.017702391,0.7430732,0.66897047
1775845132867,-0.37213594,-0.7538039,0.15446235,0.001982477,-0.017342962,0.7403549,0.6719896
1775845132878,-0.37666497,-0.7511159,0.1544883,0.0042763455,-0.017219188,0.7371286,0.6755195
1775845132887,-0.38135713,-0.7481324,0.15479334,0.0038416544,-0.017698158,0.73605144,0.6766835
1775845132898,-0.3861317,-0.74523455,0.15452556,0.0013325771,-0.01916884,0.734556,0.6782758
1775845132909,-0.3909428,-0.7422212,0.1542849,0.0011219896,-0.019586809,0.731217,0.6818627
1775845132918,-0.39554012,-0.7391139,0.15407124,0.0051938323,-0.01652869,0.7294882,0.6837738
1775845132929,-0.4003898,-0.73576975,0.15427575,0.0040986044,-0.018598989,0.72725046,0.68610793
1775845132939,-0.40495986,-0.73263764,0.15406731,0.0013653982,-0.014594633,0.7240173,0.68962604
1775845132947,-0.40970495,-0.7297195,0.15381953,0.004333396,-0.017774448,0.7229921,0.690614
1775845132957,-0.41452995,-0.7263785,0.15388814,0.0049648453,-0.017747646,0.7205512,0.69315684
1775845132967,-0.41943154,-0.7229012,0.15410331,0.0027591763,-0.018889097,0.7187335,0.69502366
1775845132977,-0.4244078,-0.71953434,0.15408592,0.0057715694,-0.01626195,0.7152379,0.698668
1775845132987,-0.4292049,-0.71601146,0.15404518,0.0060619805,-0.014209692,0.71366537,0.7003164
1775845133000,-0.43402502,-0.71255714,0.15390621,0.0033036056,-0.018557739,0.71247363,0.70144576
1775845133009,-0.4388077,-0.7091541,0.15371473,0.005093781,-0.015529973,0.7091162,0.70490223
1775845133017,-0.44354975,-0.705684,0.15368287,0.0055271834,-0.01823826,0.70636165,0.7075946
1775845133028,-0.44833916,-0.7020167,0.15380412,0.0054885685,-0.0169019,0.7052483,0.7087376
1775845133037,-0.45312232,-0.6984715,0.15382951,0.0074270256,-0.017678443,0.70363677,0.71030104
1775845133047,-0.4574342,-0.6946666,0.15371564,0.0034957267,-0.016853442,0.69873816,0.71517044
1775845133059,-0.4621927,-0.69154507,0.15408668,0.003439966,-0.016779978,0.69851553,0.7153897
1775845133068,-0.46672538,-0.6883622,0.15410244,0.005131185,-0.016441653,0.6969404,0.71692216
1775845133078,-0.47112054,-0.68490636,0.15403965,0.0045682476,-0.0169402,0.6950766,0.7187215
1775845133088,-0.4754801,-0.6818153,0.15408494,0.0044569583,-0.016589342,0.6922388,0.7214641
1775845133097,-0.47992748,-0.6784227,0.15385167,0.0047809677,-0.017305456,0.69063085,0.7229846
1775845133108,-0.4842406,-0.67503846,0.15395278,0.00538975,-0.01816547,0.6880908,0.7253772
1775845133118,-0.4882779,-0.6715935,0.15386772,0.0054269317,-0.015265308,0.6860327,0.7273903
1775845133127,-0.49239448,-0.6681419,0.1538865,0.0038519122,-0.017659456,0.6845761,0.72871727
1775845133137,-0.49663877,-0.66449475,0.15408237,0.0069668903,-0.01460521,0.6829516,0.7302844
1775845133147,-0.50030917,-0.6604442,0.15414153,0.003789229,-0.009172359,0.67531943,0.7374585
1775845133157,-0.5044946,-0.65712285,0.1540656,0.0045328666,-0.018161707,0.6787178,0.7341606
1775845133167,-0.5084327,-0.6534075,0.15401179,0.005321679,-0.016112566,0.67696947,0.73581547
1775845133177,-0.5127764,-0.64985764,0.15389441,0.0023777876,-0.016537922,0.6733188,0.73916346
1775845133188,-0.5169265,-0.6463835,0.15410231,0.003580985,-0.017669111,0.6718344,0.74048185
1775845133197,-0.5209826,-0.642435,0.15391195,0.0058205333,-0.016828666,0.66846704,0.74352854
1775845133208,-0.5252991,-0.63889253,0.15390536,0.0031318304,-0.01608304,0.66666585,0.7451766
1775845133220,-0.5295173,-0.634953,0.15397483,0.006056457,-0.014506116,0.6638506,0.74770004
1775845133227,-0.53376776,-0.6310439,0.15391378,0.0023169892,-0.018503215,0.66112936,0.7500402
1775845133238,-0.53805465,-0.627046,0.15381722,0.0018897486,-0.01606144,0.6585023,0.75240487
1775845133248,-0.54236394,-0.62300867,0.15382552,0.005458631,-0.016990319,0.65753233,0.7532149
1775845133257,-0.54624295,-0.6185333,0.15362777,0.006080555,-0.01555036,0.6520344,0.7580055
1775845133267,-0.55080914,-0.6144209,0.15380503,0.00440464,-0.016448054,0.65047926,0.7593332
1775845133277,-0.5549213,-0.6102386,0.15373752,0.005335381,-0.019239677,0.64942175,0.7601663
1775845133289,-0.5590993,-0.60572994,0.1537381,0.0028883726,-0.01752065,0.64609295,0.7630521
1775845133301,-0.5632628,-0.60127777,0.15347059,0.0041903025,-0.017808372,0.6431275,0.76554054
1775845133308,-0.5672942,-0.59658635,0.15349834,0.00059321517,-0.019816663,0.6411365,0.7671708
1775845133323,-0.5712602,-0.59231144,0.15366548,0.003478438,-0.015562754,0.6373662,0.77039593
1775845133328,-0.5751105,-0.5879334,0.15372048,0.0027943135,-0.016300136,0.63540167,0.77200466
1775845133338,-0.5789378,-0.58344346,0.15383428,0.0025239484,-0.015476828,0.63296306,0.7740231
1775845133348,-0.582971,-0.579318,0.1537016,0.002362641,-0.016875776,0.631001,0.7755948
1775845133359,-0.5864059,-0.57460666,0.15364966,-0.00047073825,-0.020172382,0.6270042,0.7787545
1775845133368,-0.590355,-0.5706496,0.15380444,0.0023792798,-0.016085222,0.6255461,0.7800177
1775845133377,-0.5940645,-0.5664081,0.15410617,0.003694626,-0.016892357,0.62283874,0.78215903
1775845133390,-0.5976436,-0.5624552,0.15427037,0.0027353338,-0.017455574,0.6215302,0.78319097
1775845133397,-0.60109246,-0.55852723,0.15415603,0.005051715,-0.016860131,0.6183738,0.785687
1775845133408,-0.6043953,-0.5541572,0.15446922,0.0023013833,-0.014525618,0.61586976,0.7877107
1775845133419,-0.60776323,-0.5499184,0.15430708,0.00052071083,-0.016474465,0.61408246,0.7890697
1775845133427,-0.6111654,-0.5457798,0.15440853,0.0034559637,-0.014845268,0.6117857,0.79087675
1775845133438,-0.61431855,-0.5414869,0.15429443,-0.00008033895,-0.014919368,0.60924697,0.79284024
1775845133447,-0.6176407,-0.53721756,0.15401566,0.0016245482,-0.014625723,0.60686547,0.79466844
1775845133459,-0.6209929,-0.5328314,0.15393598,-0.00014497903,-0.012849126,0.6037729,0.79705274
1775845133467,-0.62439656,-0.52818865,0.15396301,0.0009769888,-0.015567181,0.60122746,0.79892576
1775845133477,-0.6278479,-0.5238871,0.15392832,-0.0031508475,-0.021537507,0.59988296,0.7997917
1775845133487,-0.6311994,-0.51946664,0.15355109,-0.00073213584,-0.013551854,0.59662175,0.80240774
1775845133499,-0.63458043,-0.51507944,0.153461,0.0011372492,-0.016464032,0.59478,0.8037191
1775845133507,-0.6378963,-0.5106731,0.15360573,0.0016241366,-0.011256928,0.5904376,0.80700314
1775845133517,-0.6413992,-0.50620604,0.15373635,0.00036335128,-0.015880022,0.588113,0.80862284
1775845133528,-0.64481956,-0.5014295,0.1538587,0.0009662148,-0.016239593,0.5848772,0.8109588
1775845133538,-0.6482877,-0.496701,0.15389445,0.00015921872,-0.018504167,0.5820171,0.8129659
1775845133547,-0.6517048,-0.4918121,0.15394118,0.00015546862,-0.018193973,0.5797524,0.8145895
1775845133557,-0.65506744,-0.48711768,0.15379773,0.0006489097,-0.0144907925,0.57605565,0.8172818
1775845133567,-0.65815896,-0.48199412,0.15380257,0.0008953125,-0.016176613,0.57476294,0.8181596
1775845133578,-0.6615434,-0.47712776,0.15386014,-0.00034089954,-0.015601541,0.571097,0.82073414
1775845133589,-0.66482854,-0.4720438,0.15398456,-0.00016095379,-0.016011855,0.56696486,0.8235863
1775845133599,-0.6678677,-0.4672987,0.15388893,0.0020298862,-0.019684589,0.56511366,0.82477576
1775845133607,-0.6708808,-0.4621549,0.1539325,0.0021389483,-0.017064555,0.5628827,0.82635784
1775845133618,-0.6739605,-0.45722458,0.15396489,0.002684443,-0.017633906,0.5601218,0.8282183
1775845133630,-0.6769719,-0.45187327,0.15437615,-0.0014276899,-0.008770551,0.5566089,0.83072716
1775845133638,-0.67997634,-0.4469252,0.15440117,0.00040130413,-0.010304391,0.55431527,0.83224297
1775845133648,-0.6829155,-0.44206482,0.15431142,0.0000015354614,-0.01169163,0.5521049,0.83369267
1775845133658,-0.685733,-0.43739143,0.15418205,0.0011478456,-0.014275114,0.54953045,0.8353509
1775845133669,-0.6886629,-0.43229973,0.15429212,0.002039728,-0.015211814,0.54748106,0.83667725
1775845133677,-0.69154465,-0.42759734,0.15418854,0.0028559763,-0.015963541,0.54438686,0.8386775
1775845133687,-0.69438136,-0.42258477,0.15449192,0.0019298084,-0.01118383,0.5410806,0.8408941
1775845133699,-0.6971585,-0.41783804,0.15465471,-0.00049796375,-0.009569797,0.53989017,0.8416809
1775845133707,-0.69993263,-0.4130451,0.15485752,-0.000059069826,-0.0102892,0.53685385,0.84361243
1775845133717,-0.70254093,-0.408486,0.15474235,-0.0011940293,-0.009890996,0.53273815,0.8462215
1775845133732,-0.7052654,-0.40370277,0.15478805,0.001598936,-0.0108284885,0.5291814,0.84843814
1775845133737,-0.70792127,-0.3990252,0.15468846,0.00014861098,-0.008772794,0.5264071,0.8501873
1775845133749,-0.7105031,-0.39439306,0.15460543,0.0025647758,-0.009752317,0.52310413,0.85220915
1775845133758,-0.7131562,-0.3896213,0.1547495,0.0021754268,-0.011071781,0.5198257,0.85419786
1775845133768,-0.7158806,-0.38439953,0.15482111,0.0038363412,-0.013136054,0.5191127,0.8545962
1775845133780,-0.71832997,-0.37994605,0.15447235,0.0017871438,-0.013419491,0.5137792,0.8578156
1775845133788,-0.7210112,-0.37491295,0.1543056,0.0021231754,-0.009744688,0.5099287,0.8601589
1775845133798,-0.7236462,-0.37004814,0.1539436,-0.00037971867,-0.014183844,0.5075452,0.8615083
1775845133807,-0.7263791,-0.36447352,0.15384455,0.005686119,-0.008523344,0.50199234,0.86481136
1775845133819,-0.72842413,-0.35927874,0.15418038,0.00020871896,-0.007904983,0.50038993,0.8657641
1775845133827,-0.73101103,-0.35409164,0.15402335,0.003296605,-0.014385284,0.4988541,0.86656034
1775845133838,-0.7335751,-0.3490452,0.15362307,0.002052871,-0.015355012,0.49620694,0.868066
1775845133849,-0.73598045,-0.34359047,0.15394126,0.0027392996,-0.01689001,0.49248385,0.87015337
1775845133857,-0.7382836,-0.33850342,0.15387155,0.0025338554,-0.018797457,0.49035233,0.8713179
1775845133869,-0.7404899,-0.3332058,0.15399003,0.0041589285,-0.018922435,0.48633394,0.8735583
1775845133878,-0.74284565,-0.32793507,0.15388009,0.0016759483,-0.022342728,0.48635164,0.87347585
1775845133887,-0.7449878,-0.32274282,0.1537738,0.001550997,-0.021271423,0.48280293,0.8754693
1775845133897,-0.7468929,-0.31735238,0.15349768,0.0070828944,-0.017330186,0.47739983,0.8784867
1775845133907,-0.748964,-0.31154218,0.15407726,0.0030652625,-0.016644087,0.47666103,0.8789242
1775845133917,-0.75092226,-0.3062756,0.15389828,0.0037071144,-0.019937223,0.47596902,0.87922823
1775845133927,-0.75291306,-0.3009021,0.1543285,0.0025428568,-0.016519658,0.4723089,0.88127464
1775845133937,-0.75474274,-0.2956146,0.15416387,0.00331061,-0.01991086,0.4716811,0.8815381
1775845133950,-0.75668883,-0.29017675,0.15442339,0.0027950148,-0.015040136,0.46766672,0.88377243
1775845133957,-0.75860894,-0.2848845,0.15405574,0.00515085,-0.017953394,0.4664033,0.884375
1775845133967,-0.76049376,-0.27948532,0.15423837,0.0045662704,-0.01680105,0.46281323,0.88628477
1775845133977,-0.76243633,-0.27414036,0.1541413,0.0014275914,-0.018083548,0.46292,0.88621444
1775845133989,-0.76416487,-0.26913774,0.15412118,0.0026565776,-0.017132437,0.45832646,0.88861483
1775845133998,-0.7662616,-0.26367512,0.15415221,0.0039180736,-0.01911615,0.4543341,0.89061767
1775845134007,-0.768303,-0.25840148,0.1540634,0.002308232,-0.017278336,0.45000774,0.8928546
1775845134017,-0.7703007,-0.25215435,0.15455492,0.002278412,-0.0014156379,0.44683033,0.8946147
1775845134027,-0.7720636,-0.2467937,0.15494101,-0.0016132994,-0.0056343246,0.44234172,0.89682746
1775845134039,-0.7739973,-0.24142385,0.15493017,-0.0026253278,-0.007938367,0.44043246,0.8977468
1775845134047,-0.77569824,-0.23604494,0.15515749,-0.0014666225,-0.006636824,0.43579194,0.90002173
1775845134058,-0.7775114,-0.23047654,0.15517817,-0.0031824398,-0.0062573273,0.43434566,0.90071887
1775845134067,-0.77921593,-0.22510082,0.15506297,-0.0009163098,-0.007025999,0.42963448,0.9029751
1775845134077,-0.78075725,-0.21936396,0.15505101,0.003645362,-0.007473788,0.4272636,0.9040889
1775845134089,-0.78263044,-0.21330965,0.15507732,0.00891194,-0.008053106,0.4260536,0.90461814
1775845134097,-0.78377175,-0.20811135,0.15480196,0.0034056716,-0.0066062617,0.4219343,0.90659595
1775845134107,-0.7849149,-0.20252058,0.15484095,-0.0023739978,-0.007938223,0.4194143,0.90775716
1775845134117,-0.78616256,-0.19685926,0.15455821,-0.006343134,-0.00093579385,0.4138815,0.9103082
1775845134127,-0.7877476,-0.19061823,0.15473384,0.00081274856,-0.008716569,0.41337204,0.9105202
1775845134138,-0.78885233,-0.18519321,0.15428841,-0.004666045,-0.0011386325,0.4088808,0.91257524
1775845134147,-0.79036796,-0.17938226,0.15450343,-0.0005157325,-0.005472943,0.40749675,0.9131901
1775845134158,-0.79153925,-0.17412476,0.15426657,-0.0031009298,-0.0015792885,0.40194348,0.9156579
1775845134167,-0.7929454,-0.16834535,0.1546987,0.0007824464,-0.008448674,0.40139183,0.9158671
1775845134178,-0.79400414,-0.16322298,0.15444738,0.00075136323,-0.0010888894,0.3962397,0.91814613
1775845134187,-0.79539376,-0.157606,0.15455844,0.000727004,0.0003353792,0.3947516,0.9187876
1775845134197,-0.7962794,-0.15238577,0.1544433,0.004727771,-0.0043511987,0.39046928,0.9205935
1775845134208,-0.7973621,-0.14687593,0.15490532,-0.0036861454,-0.00058856193,0.38749695,0.9218634
1775845134217,-0.7983592,-0.1416676,0.15471886,-0.008567006,-0.0024090253,0.38517147,0.92280215
1775845134227,-0.7998054,-0.13595949,0.15456863,-0.001431342,-0.002635159,0.38663793,0.9222268
1775845134237,-0.8001707,-0.13102609,0.15482827,-0.0048490814,-0.007826371,0.3806275,0.9246826
1775845134247,-0.8011551,-0.12576056,0.1547082,-0.006447455,-0.011295751,0.37793702,0.92574
1775845134260,-0.80231744,-0.11954111,0.1550105,0.0009457108,-0.01656422,0.38029042,0.9247183
1775845134269,-0.8031766,-0.11440092,0.154757,-0.0030297444,-0.014167379,0.374884,0.92695856
1775845134278,-0.804193,-0.10866959,0.15474147,-0.001959675,-0.017891195,0.37490383,0.926889
1775845134287,-0.80493116,-0.103213474,0.15483999,-0.003093303,-0.016051635,0.36868426,0.929411
1775845134298,-0.805916,-0.09771064,0.1543402,0.001018925,-0.013768952,0.36601785,0.9305054
1775845134310,-0.8063928,-0.09204854,0.15494025,0.0006884164,-0.01749455,0.3631064,0.9315832
1775845134319,-0.806839,-0.08652837,0.15473999,-0.0032578632,-0.025163924,0.36241567,0.93167114
1775845134331,-0.8078721,-0.08092217,0.15433238,-0.0022895879,-0.019170696,0.3555937,0.93444115
1775845134338,-0.80855876,-0.07491406,0.15454146,0.00029289463,-0.016422914,0.35301554,0.9354732
1775845134349,-0.8090887,-0.06915358,0.15452345,-0.0013399018,-0.017122114,0.35079783,0.93629384
1775845134359,-0.8097653,-0.063199654,0.15482442,-0.0039179693,-0.014545513,0.3459827,0.9381199
1775845134370,-0.8103582,-0.05733853,0.15471531,-0.0032908337,-0.016267525,0.3444424,0.93866074
1775845134377,-0.8109045,-0.051275842,0.15509747,-0.00738895,-0.013580905,0.34048995,0.94012105
1775845134388,-0.811555,-0.045754135,0.15502417,-0.0053463005,-0.015836079,0.33852842,0.94080776
1775845134397,-0.81244195,-0.03983082,0.15525433,-0.0015597974,-0.012838765,0.33663684,0.94154584
1775845134407,-0.8123616,-0.034466073,0.1554792,0.00012324561,-0.01648149,0.33193776,0.94315726
1775845134417,-0.81277186,-0.028926436,0.15573485,-0.0057100425,-0.01634369,0.32933378,0.9440549
1775845134429,-0.8130412,-0.023258349,0.1556937,-0.0070458692,-0.012207051,0.32561308,0.94539815
1775845134437,-0.8137533,-0.017387055,0.1554713,0.00015028201,-0.008316112,0.32644355,0.94518006
1775845134449,-0.8135114,-0.012267133,0.15573253,-0.0061198995,-0.016931036,0.32181698,0.94663066
1775845134458,-0.8136156,-0.006783352,0.15597133,-0.00520243,-0.0152592715,0.3198051,0.94734615
1775845134467,-0.81381625,-0.0015188426,0.15598306,-0.0048949393,-0.014293462,0.31559044,0.94877523
1775845134478,-0.81372803,0.003864988,0.15575248,-0.0057691657,-0.011757322,0.31339893,0.94953126
1775845134488,-0.8136534,0.00932317,0.15620054,-0.0054548513,-0.015879365,0.3102343,0.95051175
1775845134497,-0.81364983,0.014856815,0.1559943,-0.0037103638,-0.013164687,0.30801678,0.95128256
1775845134507,-0.81396204,0.02044037,0.15583906,-0.0021269617,-0.010088411,0.3055858,0.95210874
1775845134518,-0.8139033,0.025550291,0.15647861,-0.0038379298,-0.011381039,0.30047554,0.9537139
1775845134527,-0.81402695,0.030619496,0.15643388,-0.007518805,-0.014063183,0.2983547,0.95432186
1775845134537,-0.8138381,0.036553044,0.15661344,-0.004093814,-0.018251006,0.29601842,0.9549991
1775845134551,-0.81385505,0.042221256,0.1565734,-0.0027498375,-0.015304887,0.29334256,0.9558808
1775845134559,-0.81399995,0.047713913,0.15638995,-0.0051836395,-0.01801033,0.2907871,0.9566042
1775845134568,-0.8140624,0.053446952,0.1563428,-0.0027694143,-0.017690489,0.28661084,0.9578798
1775845134577,-0.8138384,0.059109885,0.15631299,-0.0026230926,-0.01726337,0.28413567,0.958625
1775845134588,-0.8136241,0.06501175,0.15645029,-0.0034316748,-0.021017475,0.28042307,0.95964026
1775845134598,-0.8134167,0.070874244,0.15661924,-0.0012337938,-0.020343704,0.27802616,0.9603573
1775845134608,-0.81340945,0.07784464,0.1572798,0.0038953081,-0.020119958,0.27778074,0.9604258
1775845134617,-0.8126245,0.083709404,0.1570991,0.008061866,-0.016255688,0.2722262,0.9620622
1775845134627,-0.8120643,0.08938803,0.1566816,-0.001060026,-0.017397141,0.2694497,0.96285677
1775845134637,-0.81169736,0.095850475,0.1574897,-0.011729745,-0.021395,0.26916254,0.9627856
1775845134647,-0.81151193,0.101954184,0.15728793,-0.010448426,-0.02270061,0.26824304,0.96302706
1775845134657,-0.8102555,0.10744896,0.15740441,-0.00023157241,-0.017894866,0.2603263,0.9653548
1775845134667,-0.80956703,0.11365981,0.15777718,-0.0039294604,-0.020190638,0.25864783,0.96575266
1775845134677,-0.8088851,0.11893358,0.15716086,-0.0010760208,-0.024022985,0.25610703,0.9663493
1775845134687,-0.808034,0.12451604,0.15698703,-0.0039577074,-0.023726895,0.25311765,0.96713644
1775845134703,-0.80733544,0.13023846,0.15699588,-0.0019452436,-0.022490066,0.24891983,0.96826094
1775845134709,-0.806742,0.13577376,0.15690489,-0.0024188985,-0.025487129,0.24674983,0.968741
1775845134718,-0.8063867,0.14140366,0.1568023,0.0033114997,-0.021975165,0.243364,0.9696804
1775845134728,-0.80537826,0.14704034,0.15723316,0.0012694764,-0.020080643,0.23868941,0.9708875
1775845134737,-0.80465883,0.15225261,0.15686646,-0.006954377,-0.022836592,0.24156296,0.97009146
1775845134747,-0.8038167,0.15766531,0.15718226,0.00086189323,-0.024387093,0.23421851,0.97187763
1775845134760,-0.8030157,0.1637767,0.15780595,-0.012673889,-0.02894244,0.23588479,0.9712673
1775845134773,-0.8019585,0.16881761,0.15761022,-0.0051323394,-0.026556535,0.23173808,0.9724021
1775845134777,-0.8009849,0.17397784,0.15726604,-0.004190503,-0.028829573,0.22946037,0.9728819
1775845134787,-0.8000746,0.17953868,0.15735203,-0.005811391,-0.018623576,0.22453439,0.9742709
1775845134798,-0.79906505,0.18496943,0.157169,-0.007313247,-0.017911261,0.22037913,0.97522235
1775845134807,-0.7978838,0.19026256,0.15721732,-0.006672112,-0.016577763,0.21687551,0.9760357
1775845134819,-0.7969539,0.1956798,0.15706947,-0.00091525837,-0.01815227,0.21251675,0.9769884
1775845134832,-0.7960109,0.20125178,0.1574664,-0.0020162782,-0.01679152,0.21014178,0.97752464
1775845134837,-0.79488015,0.20659038,0.15749447,-0.005469585,-0.017545883,0.20770879,0.97801805
1775845134849,-0.7937398,0.21204402,0.15799433,-0.009129755,-0.014862915,0.20562907,0.97847456
1775845134858,-0.79279685,0.2177345,0.15744987,-0.00917354,-0.018389393,0.20595163,0.97834635
1775845134868,-0.7916373,0.22330165,0.15747029,-0.0063339225,-0.016008463,0.19908981,0.97983
1775845134878,-0.7902851,0.22894083,0.15724936,-0.008418646,-0.018233646,0.1970342,0.9801909
1775845134888,-0.78902686,0.23463257,0.15752898,-0.0072946735,-0.02158506,0.19454129,0.9806297
1775845134897,-0.7877369,0.2402747,0.15755805,-0.008660785,-0.02022507,0.19157544,0.9812313
1775845134908,-0.78635997,0.24595903,0.15774249,-0.006262662,-0.017964642,0.18797381,0.9819897
1775845134918,-0.78473467,0.25226176,0.15836501,-0.016150162,-0.02997296,0.18832725,0.981516
1775845134927,-0.7829523,0.25789952,0.15853557,-0.0077804984,-0.026140481,0.17963581,0.983355
1775845134937,-0.781697,0.26389837,0.15880679,-0.0054409625,-0.022119645,0.17683512,0.9839769
1775845134947,-0.78010577,0.26876915,0.15809047,-0.009066184,-0.022488708,0.17890768,0.98356706
1775845134964,-0.778599,0.2747629,0.15863717,-0.015599947,-0.027176458,0.17664701,0.9837753
1775845134968,-0.7767144,0.28005034,0.15853095,-0.012039769,-0.022352925,0.1721019,0.98475194
1775845134977,-0.7748643,0.28553566,0.15881287,-0.0067075826,-0.021146921,0.16795613,0.98554486
1775845134987,-0.77300006,0.29080465,0.15844056,-0.008713787,-0.023415053,0.16657135,0.9857129
1775845134998,-0.77129865,0.29612827,0.15896894,-0.0062926807,-0.013408206,0.16087043,0.9868644
1775845135010,-0.76942813,0.3012752,0.15886205,-0.010163956,-0.017871875,0.15925048,0.987024
1775845135017,-0.7677299,0.30656368,0.15895845,-0.0053013433,-0.018244911,0.15636185,0.98751706
1775845135027,-0.76615226,0.31197774,0.15915786,-0.0023326757,-0.017544892,0.15391178,0.98792607
1775845135037,-0.764425,0.31725287,0.15926722,-0.0030496044,-0.014470162,0.1488224,0.98875344
1775845135047,-0.7626569,0.32216236,0.15910761,-0.008004117,-0.015427872,0.14725298,0.98894614
1775845135060,-0.7609953,0.3273642,0.15929562,-0.007291451,-0.015078806,0.14258997,0.9896402
1775845135069,-0.7593638,0.33224893,0.1588981,-0.006151565,-0.019004365,0.14333436,0.98947275
1775845135079,-0.75748485,0.33754164,0.15954454,-0.006666778,-0.017103229,0.13986397,0.9900006
1775845135087,-0.75583184,0.3426924,0.1591721,-0.009892648,-0.019131038,0.13737628,0.99028474
1775845135098,-0.7540985,0.34806418,0.15933077,-0.009264317,-0.020100953,0.1345278,0.99066263
1775845135108,-0.7524584,0.35329938,0.159436,-0.0062346226,-0.019893033,0.13039348,0.9912431
1775845135119,-0.75054264,0.35860598,0.15943281,-0.010147742,-0.01988351,0.12957063,0.9913188
1775845135127,-0.74859995,0.36413103,0.1594613,-0.009256854,-0.019103715,0.12559627,0.99185425
1775845135139,-0.746693,0.36934972,0.15899278,-0.005229672,-0.018459227,0.122741945,0.99225307
1775845135147,-0.74468887,0.37465432,0.15906067,-0.0018085152,-0.017992662,0.1193471,0.9926879
1775845135158,-0.742498,0.3800881,0.15881234,-0.004560182,-0.012258948,0.115624174,0.99320686
1775845135168,-0.7400426,0.38556153,0.15924498,-0.010610016,-0.021173919,0.115632035,0.99300975
1775845135179,-0.7377155,0.39098108,0.1594048,-0.008829145,-0.019542312,0.111764446,0.9935033
1775845135188,-0.7354756,0.39626697,0.15937974,-0.011217917,-0.020993015,0.109569214,0.9936942
1775845135198,-0.7331105,0.4017921,0.15984125,-0.011799002,-0.018357133,0.10533324,0.99419755
1775845135208,-0.73090416,0.40718764,0.15993738,-0.008352288,-0.021112647,0.10213188,0.9945118
1775845135218,-0.7285975,0.41241696,0.15987957,-0.008444746,-0.020874714,0.10004699,0.99472785
1775845135228,-0.7264441,0.41829485,0.16028544,-0.01699653,-0.027162006,0.09834522,0.9946364
1775845135238,-0.7241171,0.42368641,0.16009419,-0.012797426,-0.020816833,0.09458796,0.9952165
1775845135248,-0.72169924,0.42879972,0.16023868,-0.0096081225,-0.019698068,0.09033877,0.99566996
1775845135259,-0.7191164,0.4339585,0.16017984,-0.011397536,-0.02152784,0.088258095,0.9957998
1775845135268,-0.716602,0.43920195,0.16020428,-0.010338946,-0.022877244,0.084771395,0.9960841
1775845135279,-0.71397465,0.44440198,0.16012456,-0.012883942,-0.016718365,0.082924314,0.9963323
1775845135287,-0.71148914,0.44980943,0.16069451,-0.015026918,-0.023330253,0.080073014,0.9964027
1775845135298,-0.7087626,0.4546601,0.16069278,-0.01656101,-0.022204904,0.07830503,0.99654454
1775845135309,-0.70605284,0.45973867,0.16064207,-0.009574157,-0.020427538,0.07449649,0.99696606
1775845135318,-0.7033562,0.46467644,0.16071269,-0.014291614,-0.019260088,0.07220649,0.99710137
1775845135329,-0.7007109,0.469687,0.16059773,-0.012652245,-0.018625105,0.06892214,0.9973679
1775845135339,-0.6981511,0.47464404,0.16073532,-0.010827065,-0.01818404,0.06551657,0.997627
1775845135349,-0.6955465,0.47977963,0.16071859,-0.007137296,-0.018478982,0.0631303,0.99780864
1775845135357,-0.69276035,0.48485205,0.16123891,0.0023493906,-0.014025393,0.0571662,0.9982634
1775845135370,-0.69047964,0.48954463,0.16046609,-0.009069684,-0.0142144635,0.056036673,0.9982863
1775845135378,-0.6876347,0.49493644,0.16135356,0.0011571477,-0.013696971,0.053602222,0.99846774
1775845135388,-0.6850468,0.5002991,0.1614667,-0.011326472,-0.020573832,0.051858764,0.9983783
1775845135398,-0.68222374,0.5050628,0.16114925,-0.00980436,-0.020850092,0.048906125,0.99853754
1775845135407,-0.6794191,0.5100413,0.16100538,-0.010408082,-0.021217793,0.046467528,0.9986403
1775845135417,-0.67635435,0.51532185,0.16169818,-0.00078302796,-0.01422732,0.041725744,0.9990275
1775845135427,-0.67338914,0.520203,0.16161534,-0.0010221774,-0.016386442,0.039052527,0.99910223
1775845135437,-0.6704683,0.5253251,0.16165014,-0.0046511604,-0.015919777,0.037740365,0.9991499
1775845135448,-0.66733104,0.53010476,0.16166341,-0.0055435486,-0.01642311,0.035199586,0.9992299
1775845135458,-0.66425824,0.53482,0.16087686,0.0013682041,-0.009354339,0.0311292,0.9994707
1775845135467,-0.6609683,0.539826,0.1611008,-0.006076431,-0.011802396,0.028576,0.9995035
1775845135478,-0.65784657,0.54494774,0.16089152,-0.005052111,-0.006548581,0.02367264,0.9996856
1775845135487,-0.6548711,0.5494342,0.16033949,-0.0012312522,-0.01143895,0.02329856,0.9996623
1775845135497,-0.6516467,0.5540866,0.16094083,0.00015711921,-0.010724406,0.019624017,0.99974996
1775845135507,-0.6485619,0.55906105,0.16149582,-0.008246109,-0.015686644,0.017382827,0.9996919
1775845135517,-0.64521384,0.563617,0.16177414,-0.004941447,-0.010531109,0.014231733,0.999831
1775845135528,-0.64192617,0.5682904,0.1618692,-0.003509958,-0.007075413,0.01059705,0.99991274
1775845135539,-0.63867354,0.57270545,0.16201797,-0.0031213786,-0.010259773,0.0089364955,0.9999026
1775845135547,-0.63534325,0.57712805,0.16191138,-0.002612123,-0.009630434,0.0063408487,0.9999302
1775845135559,-0.6322633,0.58193123,0.16223443,-0.006582873,-0.012205011,0.004301038,0.9998946
1775845135567,-0.6291502,0.586416,0.16195296,-0.0029716522,-0.0051545473,-0.0013449547,0.9999814
1775845135577,-0.6259538,0.59118307,0.16205922,-0.007134226,-0.013444462,-0.0012010959,0.99988353
1775845135588,-0.6228482,0.5955666,0.16229118,-0.0038295297,-0.008473395,-0.0051678773,0.9999435
1775845135597,-0.6196174,0.5999515,0.1623038,-0.0034183217,-0.009666432,-0.007263713,0.99992114
1775845135607,-0.61641496,0.6044794,0.16261142,-0.0032913098,-0.013246664,-0.009753521,0.9998593
1775845135617,-0.61314154,0.6089797,0.16274086,-0.0020112037,-0.013152518,-0.013261362,0.9998236
1775845135627,-0.60988444,0.61358535,0.16264677,-0.001686409,-0.011713912,-0.016910464,0.99978685
1775845135638,-0.60649246,0.6181974,0.16255723,-0.0038097869,-0.013449154,-0.018685386,0.9997277
1775845135649,-0.6031688,0.62282956,0.16228603,-0.0035163183,-0.01020766,-0.022405045,0.9996907
1775845135658,-0.5995774,0.6272713,0.16223879,-0.003737746,-0.0124773,-0.024374839,0.999618
1775845135668,-0.59607375,0.63173556,0.16226715,0.0055047874,-0.010709141,-0.028730705,0.99951464
1775845135680,-0.59244007,0.6361896,0.16250418,-0.0027889449,-0.014730106,-0.03126057,0.9993988
1775845135687,-0.5886119,0.6409098,0.16282357,-0.0034327295,-0.011079288,-0.037236784,0.99923915
1775845135699,-0.58480746,0.6448932,0.16216025,-0.016720535,-0.015760595,-0.034925044,0.9991257
1775845135708,-0.5810573,0.6496027,0.16289951,-0.00026553246,-0.013063262,-0.038758203,0.9991631
1775845135717,-0.57730436,0.6538471,0.16299672,-0.0012856335,-0.015279112,-0.04153113,0.9990196
1775845135729,-0.57359,0.65813655,0.16283461,0.00016659519,-0.013256331,-0.044924013,0.99890244
1775845135738,-0.5697224,0.66251254,0.16307314,0.0014996143,-0.012393121,-0.04768791,0.9987842
1775845135749,-0.5660355,0.66678333,0.16312765,-0.003134653,-0.015683278,-0.050942592,0.9985736
1775845135758,-0.5623731,0.67116386,0.16295522,-0.002262019,-0.014516877,-0.053385414,0.9984659
1775845135768,-0.55852664,0.67567384,0.16322035,-0.00061658595,-0.011439652,-0.054111667,0.9984691
1775845135785,-0.5546898,0.6796193,0.16377278,0.0045182537,-0.0050845547,-0.062427104,0.9980264
1775845135787,-0.55114716,0.6839226,0.16296779,0.003521097,-0.014408346,-0.06302458,0.9979018
1775845135798,-0.54719055,0.68781847,0.16343118,-0.0017626794,-0.013649032,-0.06418048,0.99784344
1775845135809,-0.54347044,0.6921546,0.16373514,-0.0054129288,-0.014948756,-0.067484885,0.99759364
1775845135818,-0.53960884,0.6961187,0.16377312,-0.004163732,-0.015965536,-0.06931419,0.99745846
1775845135828,-0.53595585,0.70016915,0.16353388,-0.0056094136,-0.013144359,-0.072452016,0.9972695
1775845135837,-0.53213394,0.7041129,0.16356046,-0.0036343236,-0.011885716,-0.074428014,0.99714893
1775845135857,-0.52830243,0.707863,0.16375494,-0.0011178305,-0.015169205,-0.077499665,0.9968763
1775845135867,-0.5207195,0.7159094,0.16492923,0.004449702,-0.027728545,-0.08177845,0.99625474
1775845135879,-0.5168736,0.71970934,0.16381158,0.0010113906,-0.01221255,-0.08769896,0.9960716
1775845135888,-0.5129871,0.72347814,0.16408077,0.00071113376,-0.0141000375,-0.089325845,0.9959023
1775845135899,-0.5091575,0.7273959,0.16429123,0.00067894254,-0.014803408,-0.09334817,0.9955233
1775845135908,-0.5049852,0.7316304,0.16424201,-0.0046503255,-0.015574413,-0.09506453,0.9953384
1775845135917,-0.5010511,0.7352669,0.16401978,0.002036449,-0.014152336,-0.09966886,0.99491787
1775845135931,-0.49679536,0.739296,0.16408758,0.0013713854,-0.015318639,-0.1017409,0.994692
1775845135939,-0.49263325,0.7431473,0.16423137,0.0006130503,-0.015788233,-0.10477469,0.99437046
1775845135949,-0.4883173,0.7470909,0.16413325,0.0024792512,-0.016378706,-0.1078367,0.99403065
1775845135958,-0.48391476,0.7510437,0.16424534,0.003124047,-0.013594639,-0.111219205,0.99369794
1775845135967,-0.4794305,0.75497806,0.16455401,0.0043341056,-0.011981864,-0.11480491,0.9933064
1775845135978,-0.47497702,0.7589824,0.16424471,-0.0015778429,-0.01821104,-0.11713266,0.992948
1775845135988,-0.47050142,0.76327026,0.16364183,-0.007627743,-0.0145645235,-0.12193612,0.9924018
1775845135998,-0.46602964,0.7668013,0.16411364,-0.0052467594,-0.015448949,-0.12304535,0.992267
1775845136007,-0.46155408,0.7705643,0.16442415,-0.0041958345,-0.017161125,-0.1259464,0.99187976
1775845136017,-0.45688775,0.7741522,0.16482976,-0.0049694087,-0.016756332,-0.12900452,0.99149
1775845136029,-0.4524166,0.7775858,0.16478795,-0.00055553194,-0.017797852,-0.13147299,0.9911598
1775845136037,-0.44783258,0.7810577,0.16495286,0.0018566217,-0.01679491,-0.13381445,0.9908623
1775845136047,-0.44335505,0.78466123,0.16519323,0.001190863,-0.0152585935,-0.1368339,0.9904758
1775845136058,-0.43880802,0.7879969,0.16551906,-0.00008180131,-0.015914256,-0.13910931,0.99014914
1775845136068,-0.43434486,0.7914738,0.16589321,-0.0017398469,-0.014545664,-0.14201105,0.98975664
1775845136079,-0.4299135,0.7949863,0.16582604,-0.0018876549,-0.018434245,-0.14369959,0.98944783
1775845136087,-0.42557317,0.7983553,0.16522396,-0.0045565073,-0.013351617,-0.14789766,0.988902
1775845136098,-0.42109153,0.8012239,0.1658774,-0.0049879174,-0.014158872,-0.15076314,0.98845583
1775845136108,-0.41687727,0.8046514,0.16643359,-0.0018758922,-0.0019106484,-0.1550143,0.98790854
1775845136117,-0.41250303,0.80775446,0.165614,-0.0016816616,-0.016786491,-0.15627821,0.98756903
1775845136128,-0.4080467,0.8106511,0.16604866,-0.0027455194,-0.011197967,-0.1586064,0.98727447
1775845136140,-0.40363157,0.81378806,0.16599599,-0.0013023346,-0.012381011,-0.1612915,0.9868283
1775845136149,-0.3992006,0.816791,0.16599031,-0.00024423795,-0.01409214,-0.16453722,0.9862701
1775845136159,-0.39483163,0.8199359,0.16605406,0.00006329933,-0.013426462,-0.16635416,0.9859747
1775845136168,-0.39034718,0.8232596,0.16606425,0.00051669055,-0.0137874875,-0.17013909,0.9853234
1775845136178,-0.3859139,0.8263133,0.16613097,0.001893382,-0.014744533,-0.17303042,0.9848043
1775845136190,-0.38130492,0.82969123,0.16619642,-0.0016786652,-0.019277768,-0.17507777,0.98436445
1775845136198,-0.3764984,0.833323,0.16565149,-0.0036579904,-0.011679284,-0.18127267,0.9833568
1775845136208,-0.37176886,0.8360915,0.165679,0.0039531747,-0.017447762,-0.18123737,0.98327667
1775845136219,-0.36700863,0.8387649,0.1661315,0.00013031386,-0.01591008,-0.18523254,0.98256594
1775845136227,-0.36211377,0.84170073,0.16624358,-0.0013357775,-0.014923695,-0.18876545,0.9819079
1775845136238,-0.357084,0.8446854,0.16631718,-0.00020715527,-0.016514473,-0.19129832,0.981393
1775845136248,-0.35205767,0.84776956,0.16654748,-0.00027174113,-0.016358465,-0.19470243,0.98072594
1775845136257,-0.34700447,0.8507442,0.16666085,0.0008752544,-0.016915105,-0.1986178,0.9799307
1775845136269,-0.34197745,0.8536194,0.16684142,-0.0017183834,-0.016779667,-0.20114808,0.97941566
1775845136277,-0.3369101,0.8567718,0.16671814,-0.00470827,-0.01715119,-0.20518027,0.97856265
1775845136288,-0.3319634,0.85956603,0.16670336,-0.00634036,-0.01646846,-0.20744823,0.97808677
1775845136297,-0.32686108,0.86255,0.16666354,-0.0066184225,-0.013844944,-0.21140596,0.97727793
1775845136308,-0.32195082,0.8651963,0.16718201,-0.0021785346,-0.018888975,-0.21412352,0.97662157
1775845136318,-0.31697473,0.8681714,0.16719687,-0.0033941492,-0.015788997,-0.21847416,0.97570914
1775845136327,-0.31178275,0.8711475,0.16718616,-0.0034919088,-0.017182304,-0.22038744,0.97525483
1775845136338,-0.30676943,0.87328607,0.16752362,-0.0027641808,-0.019901525,-0.22267476,0.9746857
1775845136347,-0.3016971,0.87595636,0.1679696,-0.0012540984,-0.022139952,-0.22487323,0.9741357
1775845136359,-0.29667538,0.8785329,0.16796203,-0.0010225443,-0.021618841,-0.22811691,0.97339314
1775845136375,-0.29193008,0.88100487,0.16809507,0.000029124678,-0.022575991,-0.22993955,0.97294295
1775845136387,-0.28695244,0.8836685,0.1683258,0.0021386365,-0.021793846,-0.23302881,0.9722233
1775845136388,-0.28208798,0.8860414,0.16839501,-0.00086330867,-0.021950513,-0.23650369,0.97138226
1775845136407,-0.27719185,0.8882737,0.16849394,-0.00038887368,-0.021281652,-0.24158508,0.97014606
1775845136418,-0.26739493,0.89391816,0.16810177,0.0073177423,-0.021618554,-0.24433893,0.9694212
1775845136429,-0.26255772,0.8956649,0.16853973,-0.00074412016,-0.0228558,-0.24720804,0.96869254
1775845136437,-0.2575405,0.8979558,0.1686818,0.0020702379,-0.024033867,-0.25056857,0.9677983
1775845136447,-0.25251338,0.9002625,0.16867822,0.0017752624,-0.021157775,-0.25454053,0.96682894
1775845136458,-0.24745649,0.90269035,0.16846809,0.00087066187,-0.021638071,-0.25696835,0.96617717
1775845136469,-0.24220645,0.90501815,0.16830803,-0.00057713897,-0.021893602,-0.25874436,0.9656975
1775845136479,-0.23698233,0.90724623,0.16845599,-0.0004952939,-0.022184946,-0.26274866,0.96460915
1775845136488,-0.23170517,0.909388,0.16848038,-0.0017326205,-0.023103956,-0.26576042,0.9637606
1775845136498,-0.22644049,0.91176385,0.16827732,-0.0042072902,-0.022759138,-0.26832476,0.9630505
1775845136508,-0.22098117,0.9145873,0.16785808,-0.008408601,-0.019679775,-0.269668,0.96271557
1775845136518,-0.21567781,0.9158103,0.16838017,0.007696715,-0.018719314,-0.27447167,0.96138215
1775845136527,-0.21036303,0.917714,0.16827665,0.014716221,-0.012550393,-0.2786229,0.9602059
1775845136538,-0.20490195,0.9194346,0.1677028,0.02312163,-0.019290665,-0.28044665,0.9593972
1775845136547,-0.19941905,0.9218825,0.1687452,0.005352048,-0.023760319,-0.28434384,0.95841295
1775845136557,-0.19395208,0.9238739,0.16851892,0.009840984,-0.020290911,-0.28729936,0.9575753
1775845136567,-0.18828382,0.92573524,0.16904438,0.0049477136,-0.019862806,-0.29087,0.95654356
1775845136578,-0.1828617,0.92748874,0.169188,0.0027513027,-0.021005731,-0.29465985,0.9553673
1775845136589,-0.17740707,0.92934966,0.16941603,0.0019603402,-0.022777982,-0.29684478,0.9546521
1775845136599,-0.17192031,0.930928,0.1694134,0.00938438,-0.021694422,-0.30009642,0.95361596
1775845136607,-0.16621713,0.9328917,0.16936639,0.000121160614,-0.02127922,-0.3017247,0.9531575
1775845136619,-0.1605388,0.93533164,0.16909677,0.00021437553,-0.017281828,-0.30581805,0.951933
1775845136628,-0.1554444,0.9361695,0.16974588,0.009908489,-0.018426284,-0.30956334,0.95064867
1775845136638,-0.15006006,0.93763983,0.17008239,0.008307981,-0.018812003,-0.31194717,0.9498769
1775845136650,-0.14485422,0.9390153,0.17031671,0.008363651,-0.019808507,-0.31471443,0.9489429
1775845136659,-0.13956021,0.9407868,0.17043187,0.0045367614,-0.021235064,-0.31651413,0.9483392
1775845136670,-0.13417743,0.9424336,0.17037599,0.00719429,-0.020582318,-0.319981,0.947173
1775845136677,-0.12901801,0.9439751,0.17048167,0.0055253603,-0.022360854,-0.32234895,0.94634074
1775845136690,-0.123728156,0.94559544,0.17068167,0.0067633186,-0.022350794,-0.3243119,0.9456619
1775845136702,-0.11849462,0.9471164,0.17060195,0.010345005,-0.020271147,-0.32857153,0.94420487
1775845136710,-0.11312811,0.94875,0.17046846,0.00006274187,-0.020101137,-0.33183968,0.9431217
1775845136718,-0.1077593,0.9510415,0.17004952,-0.0070239985,-0.018825166,-0.33270454,0.94281703
1775845136729,-0.102694735,0.9516229,0.1709722,0.0037979723,-0.02167166,-0.33729437,0.94114214
1775845136737,-0.09726472,0.95295435,0.17063785,0.013656399,-0.018250111,-0.34032676,0.9400309
1775845136749,-0.091651574,0.95417833,0.17007136,0.023708802,-0.021791292,-0.3420203,0.9391406
1775845136759,-0.08638528,0.9558966,0.17173873,-0.0024823162,-0.008530376,-0.34823507,0.9373652
1775845136767,-0.080680884,0.9571744,0.17146803,0.0019242257,-0.0149623295,-0.35135892,0.9361193
1775845136777,-0.07508538,0.9581577,0.17162587,0.0035376854,-0.01505278,-0.35331282,0.9353774
1775845136788,-0.069336995,0.9591776,0.17147207,0.0009702926,-0.017202936,-0.35639176,0.9341777
1775845136806,-0.063762896,0.9602678,0.17171244,0.0024612013,-0.01011844,-0.3597748,0.932981
1775845136808,-0.05798925,0.96132976,0.1718139,0.0021888039,-0.0098753655,-0.36313975,0.9316798
1775845136818,-0.052312333,0.96263176,0.17141223,-0.0071227932,-0.006705691,-0.3648485,0.9310155
1775845136829,-0.04657997,0.96452665,0.17084982,-0.007642407,-0.007486054,-0.36711442,0.9301142
1775845136837,-0.04116858,0.9647664,0.17128162,0.009856594,-0.016382832,-0.3737466,0.92733383
1775845136861,-0.029811637,0.9661843,0.17233764,-0.0019517012,-0.012726153,-0.37876981,0.9254013
1775845136867,-0.024188448,0.96703845,0.17231597,0.0015405639,-0.009993918,-0.38169473,0.9242331
1775845136877,-0.018549385,0.96766883,0.172707,0.0024413178,-0.012318343,-0.38479713,0.92291576
1775845136887,-0.012945578,0.96861917,0.17271787,0.0031761918,-0.008292921,-0.38779688,0.9217021
1775845136898,-0.0073065376,0.96931607,0.17273328,0.0015597981,-0.010470927,-0.39030632,0.9206242
1775845136908,-0.0018562675,0.9698696,0.17282258,0.0014368789,-0.010553966,-0.3926528,0.91962504
1775845136917,0.0038379366,0.97088265,0.17212425,-0.003105495,-0.009287392,-0.39430702,0.91892654
1775845136929,0.009714749,0.9722532,0.17193325,-0.012724133,-0.0062442576,-0.39446902,0.9187998
1775845136937,0.014888752,0.97193456,0.17284016,0.003773581,-0.011888776,-0.4011981,0.9159064
1775845136947,0.020540223,0.9725525,0.1723396,0.010808672,-0.010795059,-0.403984,0.9146385
1775845136959,0.026001997,0.9732178,0.17229708,0.0134327505,-0.01599496,-0.40687966,0.9132429
1775845136968,0.03152903,0.9739337,0.17323107,0.0009984963,-0.010000408,-0.41005933,0.9120035
1775845136978,0.037073348,0.9744406,0.17331164,-0.0017649204,-0.010810659,-0.4131616,0.91059184
1775845136989,0.04274068,0.9749805,0.17349483,0.000061812105,-0.008695209,-0.4167358,0.9089861
1775845136998,0.04841768,0.97537184,0.17316045,0.0023764037,-0.009839382,-0.41922176,0.90782744
1775845137009,0.05408834,0.9756566,0.17329128,-0.00045858897,-0.009611878,-0.42215848,0.906471
1775845137017,0.059795756,0.9759542,0.17324539,0.0040593855,-0.007986543,-0.42394355,0.90564436
1775845137027,0.06570005,0.97657096,0.17273407,-0.005334182,-0.005746548,-0.42580384,0.9047815
1775845137037,0.071744226,0.9777086,0.1718411,-0.0027295602,-0.007474922,-0.42701748,0.9042083
1775845137047,0.077131495,0.9767887,0.17259851,0.01160787,-0.012448969,-0.43287998,0.90129083
1775845137058,0.08289761,0.97695774,0.17326488,-0.0011360499,-0.009140507,-0.4360058,0.8998967
1775845137068,0.08867915,0.9771784,0.17308015,0.0014087945,-0.012116102,-0.4392598,0.8982773
1775845137077,0.09439874,0.97739345,0.17326601,-0.0014626593,-0.007773932,-0.44160867,0.8971729
1775845137088,0.100316495,0.977481,0.17300543,0.004096846,-0.008595323,-0.44522646,0.8953674
1775845137098,0.106174774,0.97755235,0.17298657,0.0012644522,-0.009316492,-0.44721857,0.8943753
1775845137111,0.11216627,0.9774783,0.17283958,-0.00004788163,-0.006903205,-0.45003244,0.89298546
1775845137117,0.11788965,0.97731954,0.17309603,0.001594481,-0.007947243,-0.4529643,0.8914918
1775845137128,0.123611726,0.9772837,0.17299882,-0.006733088,-0.0067935535,-0.45514455,0.89036626
1775845137137,0.12950832,0.97781074,0.17265503,-0.007237706,-0.0010940277,-0.45325795,0.8913494
1775845137148,0.13506581,0.9765686,0.17329721,-0.0011119284,-0.0058902,-0.4606465,0.8875634
1775845137164,0.14094077,0.97628385,0.17276382,0.00802671,-0.011659877,-0.4639077,0.8857705
1775845137167,0.14662606,0.9761805,0.17277013,0.008067561,-0.0069119777,-0.46480593,0.8853488
1775845137177,0.15194707,0.97597164,0.17340498,0.001477117,-0.0032056468,-0.4682154,0.88360727
1775845137187,0.15738174,0.9756799,0.17345801,0.003091178,-0.0050495286,-0.47105902,0.88208175
1775845137198,0.16296498,0.97556305,0.17347957,0.0035139204,-0.0040061832,-0.47403434,0.8804903
1775845137210,0.16842347,0.9753252,0.17357463,0.0007742125,-0.0029733186,-0.47632748,0.8792626
1775845137219,0.17406955,0.9751704,0.17347665,0.0029378778,-0.00492978,-0.47933352,0.8776141
1775845137227,0.17956127,0.9748365,0.17368926,0.0020574746,-0.004861124,-0.48153564,0.8764106
1775845137237,0.18513785,0.9748919,0.17348558,-0.0052493196,-0.0035067706,-0.4831896,0.87549293
1775845137247,0.19096959,0.97514886,0.17281115,-0.005534275,-0.0008436344,-0.48296997,0.87561893
1775845137257,0.19660774,0.97395545,0.17328514,0.005476266,-0.008594992,-0.49180135,0.8706477
1775845137267,0.20239884,0.97358906,0.17342782,-0.0013838303,-0.0058364556,-0.49421874,0.8693169
1775845137277,0.20822413,0.97292495,0.17350802,-0.0010230879,-0.0035169781,-0.4963057,0.8681401
1775845137288,0.21414295,0.972292,0.17353067,-0.0018422022,-0.0074700736,-0.5005861,0.86565256
1775845137297,0.21974832,0.97158915,0.17357081,-0.0010524652,-0.0041428213,-0.5029536,0.8643028
1775845137307,0.22557579,0.9709246,0.17363575,-0.0035629068,-0.0044287564,-0.5059387,0.8625507
1775845137319,0.23133889,0.96993273,0.1740121,-0.0014867735,-0.0034044506,-0.50779074,0.8614725
1775845137327,0.23714916,0.9691045,0.1741628,-0.0018585816,-0.0049467105,-0.51167846,0.8591608
1775845137338,0.24290113,0.96851975,0.17420873,-0.007783622,-0.004289818,-0.5130489,0.8583133
1775845137347,0.24893916,0.96848047,0.17320496,-0.01411782,-0.0012485642,-0.5128218,0.8583781
1775845137358,0.25432813,0.96648884,0.17418619,-0.0042830873,-0.004494159,-0.52026176,0.8539843
1775845137369,0.26020917,0.9652787,0.17358758,0.005089923,-0.006271138,-0.52099,0.8535245
1775845137379,0.26592052,0.9645988,0.17349638,0.007353375,-0.008756912,-0.52697897,0.84980136
1775845137387,0.27153522,0.963503,0.17409687,-0.002664712,-0.008348826,-0.52869606,0.84876597
1775845137400,0.2772147,0.962544,0.17417262,-0.0015803908,-0.0025508634,-0.53068244,0.8475654
1775845137408,0.28282675,0.96140015,0.1744582,-0.0059181075,-0.003663148,-0.533816,0.8455721
1775845137420,0.28841588,0.9602927,0.17441666,-0.00035716433,-0.0043282663,-0.53554124,0.8444979
1775845137428,0.29405048,0.9592788,0.17436863,-0.0015792506,-0.006056697,-0.53809625,0.8428601
1775845137439,0.29943943,0.95808256,0.1744882,-0.0012285999,-0.004096149,-0.5411561,0.8409112
1775845137451,0.3048944,0.9571576,0.17382428,-0.0048991945,-0.00018124578,-0.54291713,0.839772
1775845137458,0.31064102,0.9564926,0.17307119,-0.010214619,0.0015278223,-0.5414881,0.840645
1775845137468,0.315875,0.9543113,0.17373338,0.0065817884,-0.005650927,-0.54811853,0.83635575
1775845137478,0.3212797,0.9531003,0.17409892,-0.0016620678,-0.0038956678,-0.55141824,0.83421814
1775845137487,0.326547,0.9517627,0.17409599,0.0024075757,-0.0031898792,-0.5537929,0.83264494
1775845137498,0.3317847,0.9505134,0.17444882,-0.00066761475,-0.00023950519,-0.55538195,0.83159506
1775845137507,0.33702233,0.9492467,0.1745291,0.0006752334,-0.003480013,-0.55911714,0.8290811
1775845137521,0.34227914,0.9479427,0.17461482,0.0014103227,-0.005174,-0.5614991,0.82746
1775845137528,0.34759995,0.94658935,0.17466548,-0.0011418585,-0.0041563828,-0.5643198,0.825545
1775845137538,0.3530578,0.9451458,0.17432547,0.0021456487,-0.0023379272,-0.56590265,0.824466
1775845137548,0.35863775,0.944077,0.17386982,-0.0028576779,0.0054985154,-0.5657162,0.8245767
1775845137560,0.36415046,0.94300485,0.17382118,-0.00943083,0.0024645627,-0.56654805,0.8239711
1775845137567,0.3693042,0.94031835,0.17450409,0.0020506724,-0.00505676,-0.57433707,0.8186008
1775845137578,0.37472847,0.93864954,0.17403792,0.0021208564,-0.009644296,-0.57723606,0.81651753
1775845137587,0.3802818,0.93705463,0.17392008,0.0042380323,-0.003469754,-0.580233,0.8144321
1775845137598,0.3859067,0.93530345,0.17419748,0.0032023294,-0.0029852313,-0.5821273,0.813086
1775845137609,0.39133504,0.93352526,0.17425333,0.002329816,-0.0016838269,-0.58479816,0.8111737
1775845137620,0.39687988,0.9316023,0.17430827,0.0018569676,-0.004128376,-0.5884617,0.8085124
1775845137627,0.40250158,0.9295596,0.1741599,0.0017085099,-0.0053538475,-0.5912714,0.8064531
1775845137639,0.40811592,0.92748797,0.17415343,0.002104527,-0.0047055446,-0.5938985,0.80452347
1775845137647,0.41366574,0.9256069,0.17435902,0.0036036721,-0.0021685315,-0.59675217,0.80241466
1775845137657,0.41924447,0.92365783,0.17418961,0.00018853534,0.0027489383,-0.59812766,0.8013962
1775845137667,0.42450452,0.92181253,0.17435609,0.00035948376,0.0018740789,-0.6004101,0.79969007
1775845137677,0.42946777,0.9193478,0.17490502,0.005568724,-0.00262068,-0.605197,0.7960519
1775845137688,0.43501765,0.9172338,0.17497489,0.0046804175,-0.0001913228,-0.6070258,0.7946683
1775845137697,0.4402445,0.9150722,0.17503692,0.0041245925,0.00045698736,-0.6091414,0.7930507
1775845137707,0.44549283,0.91301167,0.17521836,0.006077438,0.0011897509,-0.61220473,0.79067516
1775845137717,0.4504383,0.91096693,0.17526503,0.0050342777,0.0014776328,-0.6144521,0.78893673
1775845137727,0.45542297,0.9089366,0.17503859,0.00657687,-0.0005275125,-0.61625177,0.7875215
1775845137737,0.46045715,0.90682644,0.17475528,0.005108812,-0.0022665616,-0.6184543,0.785801
1775845137747,0.46539745,0.90479165,0.17495099,0.007924868,-0.0013229426,-0.62047637,0.784184
1775845137757,0.47052768,0.9026657,0.17483145,0.0019510617,-0.0007556009,-0.6228043,0.7823749
1775845137767,0.4757499,0.900982,0.17445354,-0.0004629122,0.00038407158,-0.62317824,0.78207964
1775845137778,0.4803199,0.8982318,0.17497595,0.00819643,-0.0036411127,-0.62779236,0.77832913
1775845137788,0.48509035,0.89596087,0.17483449,0.01084155,0.002404942,-0.63038415,0.776204
1775845137798,0.4901426,0.8937303,0.17441098,0.00883738,-0.0029616894,-0.6324937,0.7745094
1775845137807,0.49535874,0.8914508,0.17433745,0.0049663037,-0.003500903,-0.6346199,0.7728005
1775845137818,0.5006123,0.8889708,0.17414467,0.004006118,-0.0037989728,-0.6369089,0.7709193
1775845137829,0.505724,0.88636494,0.17421164,0.0070529846,-0.004585764,-0.639522,0.76872677
1775845137837,0.5107749,0.8840029,0.17446275,0.0062417137,-0.0029539443,-0.6417668,0.7668687
1775845137847,0.51583546,0.88141257,0.17464033,0.0060296515,-0.004092428,-0.64448357,0.76458335
1775845137857,0.52093166,0.87880194,0.1747083,0.004689195,-0.006789632,-0.6470433,0.7624087
1775845137867,0.5262648,0.8763349,0.17446037,-0.000027988677,-0.002295063,-0.64895666,0.76082194
1775845137877,0.5318428,0.87402153,0.17409623,-0.003571964,0.0028569845,-0.65108657,0.75898975
1775845137887,0.5364294,0.87071186,0.17478567,0.005554022,-0.0025967013,-0.6556635,0.75502837
1775845137902,0.54150474,0.8678766,0.17459643,0.004760927,-0.0048020226,-0.6587925,0.7522943
1775845137908,0.5465797,0.86496747,0.17454496,0.005722218,-0.0040444196,-0.6609147,0.7504283
1775845137917,0.5516306,0.862178,0.17465754,0.0075817304,-0.004437644,-0.66296405,0.74859965
1775845137931,0.5568599,0.8593202,0.17452814,0.0072616683,-0.0015350329,-0.66509473,0.7467221
1775845137937,0.5619576,0.8563212,0.17461027,0.0045277043,-0.00087872247,-0.66756743,0.74453497
1775845137949,0.56687874,0.8533489,0.17502306,0.0045894403,-0.0036752159,-0.6702932,0.7420732
1775845137959,0.5718825,0.85040426,0.17517796,0.0058301454,-0.0035198485,-0.6725618,0.7400096
1775845137968,0.57675886,0.8477533,0.1750768,0.000110097564,-0.0023514587,-0.67418426,0.7385595
1775845137977,0.5818585,0.84517205,0.17441455,-0.0058644027,0.0017193657,-0.67335844,0.73929095
1775845137988,0.5863717,0.8415314,0.17525874,0.0058557047,-0.002750596,-0.6803337,0.73287404
1775845137998,0.5910558,0.8386424,0.17513713,0.006735268,-0.003861016,-0.68264264,0.73071116
1775845138008,0.59569937,0.8357892,0.17520644,0.0076330607,-0.004164682,-0.6846714,0.72880006
1775845138018,0.6004315,0.8328446,0.17535295,0.0044833347,-0.004157989,-0.6866956,0.72691935
1775845138027,0.6049887,0.82993656,0.17553617,0.005978133,-0.0038268324,-0.68850344,0.72519845
1775845138037,0.60955465,0.82706,0.17549364,0.0045874733,-0.00010015587,-0.6905691,0.7232519
1775845138047,0.6140872,0.82402104,0.17559443,0.0044284593,-0.0037000738,-0.69329274,0.7206329
1775845138058,0.6185012,0.8208531,0.17551753,0.0037004643,-0.007019543,-0.6958497,0.7181436
1775845138068,0.62301016,0.81783026,0.17562544,0.0036861831,-0.0024722822,-0.6979667,0.71611655
1775845138082,0.6275302,0.81492966,0.17520471,0.0023234596,0.0023203099,-0.6989805,0.7151332
1775845138087,0.6324728,0.8124387,0.175037,-0.0023207047,0.0028817311,-0.6993613,0.7147587
1775845138097,0.6366375,0.80821055,0.17535216,0.0071054692,-0.0034289784,-0.7042705,0.7098878
1775845138107,0.64098126,0.8048936,0.17545946,0.006459954,-0.0036923713,-0.7068259,0.7073484
1775845138118,0.6457201,0.8015935,0.17526492,-0.0058794497,0.0069460887,0.70939624,-0.7047511
1775845138130,0.65033513,0.7982092,0.1748915,-0.00491506,0.0066669798,0.7102545,-0.7038962
1775845138138,0.65484977,0.7947207,0.17490752,-0.004042046,0.0077264663,0.7134648,-0.70063686
1775845138153,0.6596529,0.79132164,0.17428142,-0.004064051,0.0015304356,0.7145607,-0.69956005
1775845138159,0.6641909,0.78749,0.17431311,-0.0049169613,0.00505617,0.7175537,-0.6964675
1775845138167,0.66863334,0.78393245,0.17460689,-0.0059139063,0.0050497674,0.7197088,-0.6942324
1775845138178,0.67325395,0.78044885,0.17458372,0.0016526469,0.0042249747,0.72117347,-0.6927397
1775845138187,0.6778403,0.7775142,0.1743295,0.006400808,-0.0015603164,0.72119266,-0.6927032
1775845138198,0.68191344,0.7729404,0.17521952,-0.0065945536,0.00506827,0.7267618,-0.6868393
1775845138207,0.68625116,0.7693713,0.17546889,-0.006414474,0.0032053934,0.7296317,-0.6838027
1775845138217,0.6903739,0.7655739,0.17532656,-0.0067019383,0.004628102,0.73046684,-0.68289965
1775845138227,0.6945724,0.7617854,0.17544012,-0.004083001,0.0066398275,0.7326913,-0.6805166
1775845138238,0.6987594,0.75811195,0.17555483,-0.0056068194,0.0057628113,0.7342385,-0.6788441
1775845138248,0.7029782,0.754385,0.17566982,-0.004380701,0.0042728144,0.7366054,-0.6762951
1775845138258,0.70715195,0.7507168,0.17563282,-0.004161039,0.005762707,0.7385431,-0.67416877
1775845138268,0.71121055,0.7468752,0.17566055,-0.0045034452,0.0071627065,0.7405765,-0.67191887
1775845138279,0.7153523,0.74327993,0.17569144,-0.0043040025,0.0029976564,0.74275964,-0.66953766
1775845138287,0.7195025,0.7398224,0.17560379,-0.0037470548,0.0011852854,0.7437783,-0.66841483
1775845138298,0.7235618,0.73621833,0.17576972,-0.0017261921,0.0004732888,0.7451982,-0.6668407
1775845138308,0.72768164,0.732178,0.17592661,-0.0043629254,0.0041205785,0.7492336,-0.6622787
1775845138317,0.7316667,0.7283071,0.17583486,-0.004843381,0.00542128,0.7510635,-0.66019
1775845138327,0.7357747,0.72453886,0.17594695,-0.0042098826,0.008834793,0.7535756,-0.65728843
1775845138340,0.7400024,0.7207852,0.176048,-0.0028043073,0.0062078983,0.75571644,-0.6548635
1775845138347,0.7439673,0.71690893,0.1759612,-0.0043792366,0.0048584337,0.7575085,-0.65279245
1775845138357,0.74808824,0.71303195,0.17595813,-0.004635304,0.008464563,0.75939375,-0.6505597
1775845138367,0.75207275,0.70904636,0.17614247,-0.0030745957,0.0054763597,0.76164454,-0.6479647
1775845138378,0.7559257,0.7050172,0.17625473,-0.0048901006,0.0045777694,0.76378083,-0.645441
1775845138388,0.759801,0.70106953,0.17600186,-0.0029509794,0.0042891703,0.765318,-0.64363134
1775845138397,0.7634432,0.6971071,0.17594074,0.00010602244,0.0036447144,0.7670958,-0.64152217
1775845138411,0.76736623,0.6926964,0.17621456,-0.0037825073,0.0054709865,0.7702712,-0.6376817
1775845138425,0.7711136,0.688579,0.17625631,-0.0041151796,0.006818531,0.77162814,-0.636024
1775845138427,0.7750109,0.684322,0.1762046,-0.0040028687,0.008300145,0.7742259,-0.6328423
1775845138442,0.7787383,0.68009883,0.17601992,-0.0020387175,0.0031696227,0.775382,-0.63148123
1775845138447,0.7822065,0.6756906,0.17625684,-0.00401287,0.0067060906,0.77907324,-0.6268842
1775845138459,0.78597957,0.6713031,0.1761476,-0.0041806297,0.0070386375,0.78049666,-0.62510633
1775845138468,0.78976774,0.6670156,0.17606844,-0.0011486097,0.002574564,0.7827014,-0.6223911
1775845138477,0.7934215,0.6624194,0.1763346,-0.0068727345,0.006078117,0.78375816,-0.6209984
1775845138489,0.79711187,0.6579786,0.1762004,-0.0049487767,0.005800472,0.7854429,-0.61888707
1775845138497,0.8007775,0.653663,0.17598161,-0.0020881777,0.000943693,0.7862005,-0.6179672
1775845138509,0.8044189,0.64941466,0.1757664,0.0019109157,-0.00028134507,0.78825784,-0.615342
1775845138518,0.8080471,0.6449159,0.17613687,-0.0082192775,0.0071906545,0.79226375,-0.6100811
1775845138529,0.8114831,0.6405179,0.1764309,-0.004829123,0.004799986,0.7930885,-0.6090686
1775845138537,0.8147747,0.63629663,0.17672625,-0.0047655366,0.004233117,0.7959159,-0.6053737
1775845138547,0.8183737,0.63205314,0.17677373,-0.004450613,0.0073442324,0.7981787,-0.60235965
1775845138557,0.8219443,0.62779534,0.17678022,-0.0050827307,0.0065915324,0.79894996,-0.60133994
1775845138567,0.82531774,0.6235934,0.17697687,-0.0044321585,0.0055106534,0.80041254,-0.5994078
1775845138577,0.82879496,0.6191088,0.17686619,-0.0030776355,0.008709597,0.802637,-0.59639627
1775845138587,0.83216083,0.614692,0.17669614,-0.0057565356,0.00748768,0.8044133,-0.593995
1775845138598,0.8353995,0.61039513,0.1767177,-0.002033999,0.0042170933,0.8062095,-0.5916117
1775845138607,0.838622,0.6058513,0.17655647,0.001739136,0.0045005693,0.80791676,-0.58927673
1775845138618,0.84187216,0.6010406,0.17665167,-0.0042671287,0.0068736635,0.8116088,-0.5841453
1775845138630,0.84539086,0.59664154,0.17663728,-0.00081621466,0.005371229,0.81270975,-0.58264333
1775845138637,0.84862477,0.5917995,0.1772279,-0.003900614,0.008092903,0.81630087,-0.5775572
1775845138647,0.85189474,0.58726364,0.17677587,-0.0022631993,0.008843934,0.8165535,-0.57719773
1775845138658,0.8551037,0.58226144,0.17700022,-0.0040717134,0.0070114927,0.8201107,-0.57214737
1775845138667,0.8582746,0.5776441,0.17718391,-0.0025414312,0.006658084,0.82178855,-0.5697481
1775845138678,0.86170095,0.5728964,0.17666122,-0.0003874963,0.007872806,0.82286257,-0.5681857
1775845138689,0.86468047,0.56790495,0.17690939,-0.0049450556,0.007684042,0.82593364,-0.56369334
1775845138697,0.8676159,0.56314635,0.17686503,0.0016693142,0.0073328395,0.8283129,-0.5602154
1775845138707,0.87058073,0.5582625,0.17681243,0.0026265117,0.006956959,0.8304073,-0.5571072
1775845138717,0.8739327,0.55336195,0.17666066,0.0026344657,0.0027176738,0.8301337,-0.55755144
1775845138727,0.8767199,0.54804933,0.17711565,-0.0077527007,0.008349554,0.8330393,-0.5530966
1775845138737,0.8794701,0.54297656,0.17704417,-0.0031384204,0.005394689,0.83409554,-0.5515848
1775845138749,0.88206214,0.53803176,0.17720498,-0.0011003216,0.0036419143,0.8360384,-0.5486577
1775845138758,0.88464755,0.53291374,0.17779829,-0.004063737,0.006243735,0.8398328,-0.5427941
1775845138768,0.88760513,0.52795136,0.17739128,-0.00503106,0.0038241732,0.839721,-0.54298127
1775845138777,0.8905578,0.52305907,0.17768933,-0.007584642,0.0065230406,0.8410585,-0.5408516
1775845138787,0.8931737,0.5184253,0.17739482,-0.001861018,0.0034382176,0.8433673,-0.53732324
1775845138798,0.8959367,0.5132696,0.17700484,-0.0049541444,0.0018273606,0.8439743,-0.5363576
1775845138807,0.89860487,0.50840926,0.1767841,-0.0046648565,-0.0010603142,0.8469281,-0.531686
1775845138818,0.9012166,0.503038,0.17703548,-0.0036882726,0.0050522448,0.848502,-0.52915514
1775845138828,0.90384924,0.4985197,0.17660187,-0.0023517536,-0.0022172797,0.84881234,-0.5286843
1775845138837,0.9063852,0.4937239,0.17694212,-0.0029855182,-0.0066635036,0.8501236,-0.5265327
1775845138852,0.909046,0.48908192,0.17692639,-0.0037898957,-0.00095549447,0.85226595,-0.5230942
1775845138858,0.9115801,0.48359078,0.17697948,-0.00041648833,0.002269911,0.8535326,-0.5210344
1775845138868,0.9141949,0.47861552,0.17710392,0.001220218,0.0023303153,0.8550143,-0.5185977
1775845138878,0.9167358,0.47418004,0.17669347,0.00457345,-0.002642023,0.8572263,-0.5149128
1775845138889,0.9193496,0.4687436,0.17672046,-0.0028222438,0.000121808014,0.8585099,-0.5127893
1775845138898,0.92185384,0.4638217,0.17677167,-0.00071478175,-0.00252111,0.8601573,-0.51002216
1775845138909,0.9243427,0.45873338,0.17658943,0.0041357977,-0.0067808516,0.8621396,-0.50660855
1775845138925,0.926803,0.45344594,0.17659582,-0.0009824716,-0.0015874242,0.86356205,-0.50423914
1775845138930,0.9291394,0.44790423,0.17694224,-0.0031395853,0.003229742,0.8654807,-0.50092196
1775845138938,0.93159324,0.4428652,0.17637517,0.000817222,-0.0038611009,0.86672014,-0.49877912
1775845138947,0.93380713,0.4374359,0.17638667,-0.0010651817,-0.00062513055,0.8688709,-0.4950373
1775845138957,0.93605286,0.43198854,0.17662793,0.0013124201,-0.00294009,0.87051755,-0.49212685
1775845138969,0.93817365,0.42655402,0.176437,0.0012185876,-0.0022163778,0.8722761,-0.4890072
1775845138977,0.9409372,0.42114764,0.17597476,-0.00252166,-0.004654622,0.8721704,-0.4891735
1775845138987,0.94282734,0.41571912,0.17597629,-0.00033785382,-0.00604219,0.87478065,-0.4844813
1775845139016,0.9471764,0.40467227,0.17622128,-0.0036979155,-0.002931704,0.87784916,-0.47891396
1775845139017,0.94943744,0.39961413,0.17642616,0.0012607765,-0.0037300237,0.8789157,-0.47696075
1775845139028,0.9514171,0.3940424,0.17606196,-0.0009447865,-0.006345002,0.879838,-0.47523037
1775845139037,0.95343256,0.38857824,0.17621796,-0.0026660273,-0.00778394,0.88276774,-0.46973762
1775845139048,0.9553301,0.38318288,0.176544,-0.0053758086,-0.013227823,0.8836012,-0.46802253
1775845139057,0.9573918,0.37794784,0.17658818,0.0020656365,-0.0064954734,0.8851095,-0.46533296
1775845139067,0.95957464,0.37278154,0.1761699,-0.0018346863,-0.0063691963,0.8867868,-0.46213123
1775845139077,0.96144414,0.36740136,0.17605923,0.00061195495,-0.0041786213,0.888189,-0.45945883
1775845139089,0.9636254,0.36234143,0.17629679,-0.0032637916,-0.006274271,0.8886452,-0.45854086
1775845139097,0.96544623,0.357165,0.17620829,-0.0042547514,-0.0069089066,0.89016056,-0.45557475
1775845139107,0.96690196,0.3516742,0.17612097,0.0012654259,-0.0025549952,0.8921271,-0.45177555
1775845139118,0.9687179,0.34652764,0.1760304,-0.004167332,-0.004102578,0.8931978,-0.4496259
1775845139127,0.9705185,0.3413445,0.17575562,-0.000040091356,-0.0083579235,0.89373696,-0.4485137
1775845139138,0.97206146,0.33632895,0.17556155,0.0034032327,-0.008280327,0.8945224,-0.44693357
1775845139148,0.97348154,0.33048946,0.17568782,-0.00047372913,-0.0071032248,0.89640987,-0.4431688
1775845139159,0.9748306,0.32508895,0.17557546,-0.0007582342,-0.0062540197,0.8988121,-0.4382888
1775845139167,0.9766711,0.31973773,0.1753996,-0.001608679,-0.0052289646,0.8988068,-0.43831083
1775845139178,0.9780676,0.3142519,0.1752385,-0.0022159459,-0.00634503,0.9005821,-0.4346343
1775845139188,0.97953165,0.3085474,0.17502335,-0.00040225865,-0.0076712915,0.90224147,-0.43116277
1775845139197,0.98138124,0.3032243,0.17516565,0.0006542572,-0.008411804,0.9033431,-0.42883578
1775845139208,0.98275894,0.29742473,0.17493369,-0.0014708928,-0.005615537,0.90510136,-0.42515635
1775845139220,0.9840829,0.29135713,0.1751242,0.0035718475,-0.007975567,0.90651584,-0.42208147
1775845139227,0.9851665,0.285765,0.17493144,0.00112006,-0.010787465,0.90916187,-0.4163017
1775845139237,0.9869095,0.2803775,0.17515096,0.0005844241,-0.010223954,0.9090474,-0.41656673
1775845139248,0.98803735,0.2748154,0.17544335,0.0023011093,-0.010919052,0.91082835,-0.4126346
1775845139261,0.98958135,0.26916727,0.17539255,-0.0063026305,-0.009414613,0.91122305,-0.41175744
1775845139268,0.99068964,0.26324195,0.1750387,-0.0055906246,-0.0068799993,0.91274583,-0.40843186
1775845139277,0.9916222,0.25737438,0.17484353,0.0014284798,-0.0116207935,0.91437757,-0.40469313
1775845139287,0.9927312,0.2516911,0.17494527,-0.00035478707,-0.011132652,0.91549283,-0.40218005
1775845139298,0.99375737,0.24593242,0.17517191,0.00215309,-0.01160979,0.9173351,-0.39794075
1775845139310,0.99508816,0.24033338,0.17492004,-0.0009162202,-0.009707489,0.91760576,-0.39737222
1775845139317,0.99592483,0.23461758,0.17514591,0.0003935534,-0.010364989,0.91953164,-0.392879
1775845139327,0.996812,0.22865552,0.17478901,0.0029050335,-0.014266972,0.9208131,-0.3897322
1775845139339,0.9975108,0.22302566,0.17478132,-0.0033258044,-0.015834508,0.9225984,-0.38542235
1775845139347,0.99880564,0.21800067,0.17535357,-0.0029359278,-0.009527174,0.9231144,-0.38439614
1775845139358,0.99996936,0.2123215,0.17520155,0.002734979,-0.012002998,0.9247759,-0.380313
1775845139368,1.000787,0.20663272,0.17506635,0.0024592497,-0.011833017,0.92576635,-0.37790287
1775845139379,1.0017445,0.2011799,0.17497773,0.003979402,-0.011475467,0.9266939,-0.37562078
1775845139390,1.0026385,0.19583423,0.17490123,0.0069708684,-0.012337317,0.92756647,-0.37338945
1775845139397,1.0034609,0.19012477,0.17480977,0.0038966439,-0.0130248,0.92899257,-0.36984867
1775845139407,1.0041485,0.18479899,0.17485824,0.005330851,-0.011751377,0.93017083,-0.36690006
1775845139417,1.005068,0.1791101,0.17447542,0.0007310875,-0.012679728,0.9310257,-0.3647325
1775845139429,1.0056788,0.1737935,0.17437218,0.0002010541,-0.012469578,0.9315745,-0.3633364
1775845139445,1.0063621,0.16799264,0.17419332,0.0021664563,-0.014310949,0.933331,-0.358725
1775845139457,1.0067538,0.16220874,0.17409638,0.0008418005,-0.014369215,0.9345963,-0.35541895
1775845139468,1.0073029,0.15679201,0.17385682,0.0035799781,-0.01479629,0.93574345,-0.35235286
1775845139478,1.007647,0.15096772,0.1738202,0.001808677,-0.010012918,0.938029,-0.3464074
1775845139479,1.0077839,0.14507595,0.17371559,0.0071468754,-0.016630357,0.9368637,-0.34922564
1775845139489,1.0083581,0.13950549,0.17349525,0.0013733942,-0.013271727,0.9388667,-0.34402233
1775845139498,1.0087142,0.13338317,0.17314652,0.000019477075,-0.011632821,0.9402726,-0.34022364
1775845139508,1.0089686,0.12794076,0.17334245,0.0002808265,-0.01299302,0.9410968,-0.33788756
1775845139517,1.0090481,0.12192454,0.17336738,0.0037023386,-0.01068411,0.9426993,-0.33345178
1775845139527,1.0092654,0.116204575,0.17340557,-0.0009815141,-0.010465491,0.943524,-0.33113754
1775845139537,1.0094429,0.11027032,0.17353396,0.0021897678,-0.010666522,0.94459087,-0.32806945
1775845139549,1.0094603,0.10442741,0.17383872,0.0019984064,-0.010907206,0.9460442,-0.32384795
1775845139558,1.0095398,0.0984128,0.17364487,-0.003259516,-0.012063204,0.9472446,-0.32026803
1775845139570,1.0098423,0.092567585,0.17330119,-0.0031389939,-0.0068883835,0.94824374,-0.31745306
1775845139577,1.0100352,0.08650818,0.17304158,-0.0041618315,-0.0098119555,0.9491123,-0.31475738
1775845139587,1.010052,0.080743134,0.17292567,-0.002847943,-0.011193556,0.9497401,-0.3128264
1775845139597,1.0099216,0.074990585,0.1728423,0.000035190034,-0.011742629,0.9511311,-0.308564
1775845139607,1.0099381,0.06918522,0.17272389,-0.0013866352,-0.012408714,0.95197934,-0.3059076
1775845139618,1.0099608,0.06349623,0.17280361,0.00060870865,-0.011375631,0.95288444,-0.3031197
1775845139627,1.0095905,0.05791928,0.17301874,-0.000042604846,-0.009116235,0.9542485,-0.2988759
1775845139638,1.0095059,0.052087072,0.1727558,-0.00037849386,-0.010829094,0.95503724,-0.29628775
1775845139647,1.0093491,0.0465733,0.1726799,-0.0017466396,-0.011458683,0.95569605,-0.29412717
1775845139658,1.0092843,0.04105637,0.17271607,-0.00072294765,-0.010907727,0.9564825,-0.2915846
1775845139672,1.0088938,0.035402887,0.17252207,-0.00094314903,-0.008149054,0.9573315,-0.28887573
1775845139679,1.0085926,0.030047076,0.17246881,0.0018961665,-0.008569743,0.9584292,-0.28519547
1775845139688,1.0083851,0.024402577,0.17260705,0.0037807624,-0.010824618,0.9595245,-0.2813915
1775845139697,1.0081483,0.01897311,0.17241393,-0.00048570384,-0.010048968,0.96011496,-0.27942476
1775845139707,1.0079055,0.013367469,0.17243199,0.00288989,-0.008123857,0.96167934,-0.27404097
1775845139718,1.0076709,0.008134865,0.1723539,0.0036788026,-0.0126190325,0.9618303,-0.27333066
1775845139727,1.0074033,0.002640972,0.17226134,0.0025302137,-0.008872678,0.9628654,-0.26982433
1775845139738,1.0069993,-0.002835677,0.1722017,0.0040541934,-0.010550494,0.96368647,-0.2667971
